<?xml version='1.0' encoding='UTF-8' standalone='no'?>
<doxygen xmlns:xsi="http://www.w3.org/2001/XMLSchema-instance" xsi:noNamespaceSchemaLocation="compound.xsd" version="1.9.5" xml:lang="en-US">
  <compounddef id="Button_8h" kind="file" language="C++">
    <compoundname>Button.h</compoundname>
    <includes local="no">iostream</includes>
    <includes local="no">ctime</includes>
    <includes local="no">cstdlib</includes>
    <includes local="no">sstream</includes>
    <includes local="no">SFML/Graphics.hpp</includes>
    <includes local="no">SFML/Window.hpp</includes>
    <includes local="no">SFML/System.hpp</includes>
    <includes local="no">SFML/Audio.hpp</includes>
    <includedby refid="Button_8cpp" local="yes">/home/roman/CLionProjects/ypprpo/gamelib/Button.cpp</includedby>
    <includedby refid="MainMenuState_8h" local="yes">/home/roman/CLionProjects/ypprpo/gamelib/MainMenuState.h</includedby>
    <incdepgraph>
      <node id="1">
        <label>/home/roman/CLionProjects/ypprpo/gamelib/Button.h</label>
        <link refid="Button_8h"/>
        <childnode refid="2" relation="include">
        </childnode>
        <childnode refid="3" relation="include">
        </childnode>
        <childnode refid="4" relation="include">
        </childnode>
        <childnode refid="5" relation="include">
        </childnode>
        <childnode refid="6" relation="include">
        </childnode>
        <childnode refid="7" relation="include">
        </childnode>
        <childnode refid="8" relation="include">
        </childnode>
        <childnode refid="9" relation="include">
        </childnode>
      </node>
      <node id="9">
        <label>SFML/Audio.hpp</label>
      </node>
      <node id="6">
        <label>SFML/Graphics.hpp</label>
      </node>
      <node id="8">
        <label>SFML/System.hpp</label>
      </node>
      <node id="7">
        <label>SFML/Window.hpp</label>
      </node>
      <node id="4">
        <label>cstdlib</label>
      </node>
      <node id="3">
        <label>ctime</label>
      </node>
      <node id="2">
        <label>iostream</label>
      </node>
      <node id="5">
        <label>sstream</label>
      </node>
    </incdepgraph>
    <invincdepgraph>
      <node id="1">
        <label>/home/roman/CLionProjects/ypprpo/gamelib/Button.h</label>
        <link refid="Button_8h"/>
        <childnode refid="2" relation="include">
        </childnode>
      </node>
      <node id="3">
        <label>/home/roman/CLionProjects/ypprpo/gamelib/Game.h</label>
        <link refid="Game_8h_source"/>
      </node>
      <node id="2">
        <label>/home/roman/CLionProjects/ypprpo/gamelib/MainMenuState.h</label>
        <link refid="MainMenuState_8h_source"/>
        <childnode refid="3" relation="include">
        </childnode>
      </node>
    </invincdepgraph>
    <innerclass refid="classButton" prot="public">Button</innerclass>
      <sectiondef kind="enum">
      <memberdef kind="enum" id="Button_8h_1a11a6094191da43b6b4568e7736fb89ba" prot="public" static="no" strong="no">
        <type></type>
        <name>button_states</name>
        <enumvalue id="Button_8h_1a11a6094191da43b6b4568e7736fb89baab07455a5cba7480564ccdf0225f8d082" prot="public">
          <name>BTN_IDLE</name>
          <initializer>= 0</initializer>
          <briefdescription>
          </briefdescription>
          <detaileddescription>
          </detaileddescription>
        </enumvalue>
        <enumvalue id="Button_8h_1a11a6094191da43b6b4568e7736fb89baad6fdb8a1568b56acfc5a2870feef75aa" prot="public">
          <name>BTN_HOVER</name>
          <briefdescription>
          </briefdescription>
          <detaileddescription>
          </detaileddescription>
        </enumvalue>
        <enumvalue id="Button_8h_1a11a6094191da43b6b4568e7736fb89baaba1830557d2dc99efd3e5fc8a7dd64ab" prot="public">
          <name>BTN_ACTIVE</name>
          <briefdescription>
          </briefdescription>
          <detaileddescription>
          </detaileddescription>
        </enumvalue>
        <briefdescription>
        </briefdescription>
        <detaileddescription>
        </detaileddescription>
        <inbodydescription>
        </inbodydescription>
        <location file="/home/roman/CLionProjects/ypprpo/gamelib/Button.h" line="14" column="1" bodyfile="/home/roman/CLionProjects/ypprpo/gamelib/Button.h" bodystart="14" bodyend="14"/>
      </memberdef>
      </sectiondef>
    <briefdescription>
    </briefdescription>
    <detaileddescription>
    </detaileddescription>
    <programlisting>
<codeline lineno="1"><highlight class="normal"></highlight></codeline>
<codeline lineno="2"><highlight class="normal"></highlight><highlight class="preprocessor">#ifndef<sp/>YPPRPO_BUTTON_H</highlight><highlight class="normal"></highlight></codeline>
<codeline lineno="3"><highlight class="normal"></highlight><highlight class="preprocessor">#define<sp/>YPPRPO_BUTTON_H</highlight><highlight class="normal"></highlight></codeline>
<codeline lineno="4"><highlight class="normal"></highlight><highlight class="preprocessor">#include<sp/>&lt;iostream&gt;</highlight><highlight class="normal"></highlight></codeline>
<codeline lineno="5"><highlight class="normal"></highlight><highlight class="preprocessor">#include<sp/>&lt;ctime&gt;</highlight><highlight class="normal"></highlight></codeline>
<codeline lineno="6"><highlight class="normal"></highlight><highlight class="preprocessor">#include<sp/>&lt;cstdlib&gt;</highlight><highlight class="normal"></highlight></codeline>
<codeline lineno="7"><highlight class="normal"></highlight><highlight class="preprocessor">#include<sp/>&lt;sstream&gt;</highlight><highlight class="normal"></highlight></codeline>
<codeline lineno="8"><highlight class="normal"></highlight></codeline>
<codeline lineno="9"><highlight class="normal"></highlight><highlight class="preprocessor">#include<sp/>&lt;SFML/Graphics.hpp&gt;</highlight><highlight class="normal"></highlight></codeline>
<codeline lineno="10"><highlight class="normal"></highlight><highlight class="preprocessor">#include<sp/>&lt;SFML/Window.hpp&gt;</highlight><highlight class="normal"></highlight></codeline>
<codeline lineno="11"><highlight class="normal"></highlight><highlight class="preprocessor">#include<sp/>&lt;SFML/System.hpp&gt;</highlight><highlight class="normal"></highlight></codeline>
<codeline lineno="12"><highlight class="normal"></highlight><highlight class="preprocessor">#include<sp/>&lt;SFML/Audio.hpp&gt;</highlight><highlight class="normal"></highlight></codeline>
<codeline lineno="13"><highlight class="normal"></highlight></codeline>
<codeline lineno="14"><highlight class="normal"></highlight><highlight class="keyword">enum</highlight><highlight class="normal"><sp/>button_states{BTN_IDLE<sp/>=<sp/>0,<sp/>BTN_HOVER,<sp/>BTN_ACTIVE};</highlight></codeline>
<codeline lineno="15"><highlight class="normal"></highlight></codeline>
<codeline lineno="16" refid="classButton" refkind="compound"><highlight class="normal"></highlight><highlight class="keyword">class<sp/></highlight><highlight class="normal"><ref refid="classButton" kindref="compound">Button</ref><sp/>{</highlight></codeline>
<codeline lineno="17"><highlight class="normal"></highlight><highlight class="keyword">private</highlight><highlight class="normal">:</highlight></codeline>
<codeline lineno="18"><highlight class="normal"><sp/><sp/><sp/><sp/></highlight><highlight class="keywordtype">short</highlight><highlight class="normal"><sp/></highlight><highlight class="keywordtype">unsigned</highlight><highlight class="normal"><sp/>buttonState;</highlight></codeline>
<codeline lineno="19"><highlight class="normal"></highlight></codeline>
<codeline lineno="20"><highlight class="normal"><sp/><sp/><sp/><sp/>sf::RectangleShape<sp/>shape;</highlight></codeline>
<codeline lineno="21"><highlight class="normal"><sp/><sp/><sp/><sp/>sf::Font*<sp/>font;</highlight></codeline>
<codeline lineno="22"><highlight class="normal"><sp/><sp/><sp/><sp/>sf::Text<sp/>text;</highlight></codeline>
<codeline lineno="23"><highlight class="normal"></highlight></codeline>
<codeline lineno="24"><highlight class="normal"><sp/><sp/><sp/><sp/>sf::Color<sp/>textIdleColor;</highlight></codeline>
<codeline lineno="25"><highlight class="normal"><sp/><sp/><sp/><sp/>sf::Color<sp/>textHoverColor;</highlight></codeline>
<codeline lineno="26"><highlight class="normal"><sp/><sp/><sp/><sp/>sf::Color<sp/>textActiveColor;</highlight></codeline>
<codeline lineno="27"><highlight class="normal"></highlight></codeline>
<codeline lineno="28"><highlight class="normal"><sp/><sp/><sp/><sp/>sf::Color<sp/>idleColor;</highlight></codeline>
<codeline lineno="29"><highlight class="normal"><sp/><sp/><sp/><sp/>sf::Color<sp/>hoverColor;</highlight></codeline>
<codeline lineno="30"><highlight class="normal"><sp/><sp/><sp/><sp/>sf::Color<sp/>activeColor;</highlight></codeline>
<codeline lineno="31"><highlight class="normal"></highlight></codeline>
<codeline lineno="32"><highlight class="normal"></highlight><highlight class="keyword">public</highlight><highlight class="normal">:</highlight></codeline>
<codeline lineno="33"><highlight class="normal"><sp/><sp/><sp/><sp/><ref refid="classButton" kindref="compound">Button</ref>(</highlight><highlight class="keywordtype">float</highlight><highlight class="normal"><sp/>x,<sp/></highlight><highlight class="keywordtype">float</highlight><highlight class="normal"><sp/>y,<sp/></highlight><highlight class="keywordtype">float</highlight><highlight class="normal"><sp/>width,<sp/></highlight><highlight class="keywordtype">float</highlight><highlight class="normal"><sp/>height,</highlight></codeline>
<codeline lineno="34"><highlight class="normal"><sp/><sp/><sp/><sp/><sp/><sp/><sp/><sp/><sp/><sp/><sp/>sf::Font*<sp/>font,<sp/>std::string<sp/>text,<sp/></highlight><highlight class="keywordtype">unsigned</highlight><highlight class="normal"><sp/>character_size,</highlight></codeline>
<codeline lineno="35"><highlight class="normal"><sp/><sp/><sp/><sp/><sp/><sp/><sp/><sp/><sp/><sp/><sp/>sf::Color<sp/>text_idle_color,<sp/>sf::Color<sp/>text_hover_color,<sp/>sf::Color<sp/>text_active_color,</highlight></codeline>
<codeline lineno="36"><highlight class="normal"><sp/><sp/><sp/><sp/><sp/><sp/><sp/><sp/><sp/><sp/><sp/>sf::Color<sp/>idle_color,<sp/>sf::Color<sp/>hover_color,<sp/>sf::Color<sp/>active_color);</highlight></codeline>
<codeline lineno="37"><highlight class="normal"><sp/><sp/><sp/><sp/><ref refid="classButton" kindref="compound">~Button</ref>();</highlight></codeline>
<codeline lineno="38"><highlight class="normal"></highlight></codeline>
<codeline lineno="39"><highlight class="normal"><sp/><sp/><sp/><sp/></highlight><highlight class="comment">//Accessors</highlight><highlight class="normal"></highlight></codeline>
<codeline lineno="40"><highlight class="normal"><sp/><sp/><sp/><sp/></highlight><highlight class="keyword">const</highlight><highlight class="normal"><sp/></highlight><highlight class="keywordtype">bool</highlight><highlight class="normal"><sp/>isPressed()<sp/></highlight><highlight class="keyword">const</highlight><highlight class="normal">;</highlight></codeline>
<codeline lineno="41"><highlight class="normal"></highlight></codeline>
<codeline lineno="42"><highlight class="normal"><sp/><sp/><sp/><sp/></highlight><highlight class="comment">//Functions</highlight><highlight class="normal"></highlight></codeline>
<codeline lineno="43"><highlight class="normal"><sp/><sp/><sp/><sp/></highlight><highlight class="keywordtype">void</highlight><highlight class="normal"><sp/>update(</highlight><highlight class="keyword">const</highlight><highlight class="normal"><sp/>sf::Vector2f<sp/>mousePos);</highlight></codeline>
<codeline lineno="44"><highlight class="normal"><sp/><sp/><sp/><sp/></highlight><highlight class="keywordtype">void</highlight><highlight class="normal"><sp/>render(sf::RenderTarget*<sp/>target);</highlight></codeline>
<codeline lineno="45"><highlight class="normal">};</highlight></codeline>
<codeline lineno="46"><highlight class="normal"></highlight></codeline>
<codeline lineno="47"><highlight class="normal"></highlight></codeline>
<codeline lineno="48"><highlight class="normal"></highlight><highlight class="preprocessor">#endif<sp/></highlight><highlight class="comment">//YPPRPO_BUTTON_H</highlight><highlight class="normal"></highlight></codeline>
    </programlisting>
    <location file="/home/roman/CLionProjects/ypprpo/gamelib/Button.h"/>
  </compounddef>
</doxygen>
