<?xml version='1.0' encoding='UTF-8' standalone='no'?>
<doxygen xmlns:xsi="http://www.w3.org/2001/XMLSchema-instance" xsi:noNamespaceSchemaLocation="compound.xsd" version="1.9.5" xml:lang="en-US">
  <compounddef id="classMovementComponent" kind="class" language="C++" prot="public">
    <compoundname>MovementComponent</compoundname>
      <sectiondef kind="private-attrib">
      <memberdef kind="variable" id="classMovementComponent_1a30a668af4d09fa61af7ddb474b5c9cd9" prot="private" static="no" mutable="no">
        <type>sf::Sprite &amp;</type>
        <definition>sf::Sprite&amp; MovementComponent::sprite</definition>
        <argsstring></argsstring>
        <name>sprite</name>
        <qualifiedname>MovementComponent::sprite</qualifiedname>
        <briefdescription>
        </briefdescription>
        <detaileddescription>
        </detaileddescription>
        <inbodydescription>
        </inbodydescription>
        <location file="/home/roman/CLionProjects/ypprpo/gamelib/MovementComponent.h" line="32" column="16" bodyfile="/home/roman/CLionProjects/ypprpo/gamelib/MovementComponent.h" bodystart="32" bodyend="-1"/>
      </memberdef>
      <memberdef kind="variable" id="classMovementComponent_1aab21d3902a1e0a8ae84eaa1703e82ab4" prot="private" static="no" mutable="no">
        <type>float</type>
        <definition>float MovementComponent::maxVelocity</definition>
        <argsstring></argsstring>
        <name>maxVelocity</name>
        <qualifiedname>MovementComponent::maxVelocity</qualifiedname>
        <briefdescription>
        </briefdescription>
        <detaileddescription>
        </detaileddescription>
        <inbodydescription>
        </inbodydescription>
        <location file="/home/roman/CLionProjects/ypprpo/gamelib/MovementComponent.h" line="33" column="11" bodyfile="/home/roman/CLionProjects/ypprpo/gamelib/MovementComponent.h" bodystart="33" bodyend="-1"/>
      </memberdef>
      <memberdef kind="variable" id="classMovementComponent_1ac4be228c6916d1326a873b90262bbd42" prot="private" static="no" mutable="no">
        <type>float</type>
        <definition>float MovementComponent::acceleration</definition>
        <argsstring></argsstring>
        <name>acceleration</name>
        <qualifiedname>MovementComponent::acceleration</qualifiedname>
        <briefdescription>
        </briefdescription>
        <detaileddescription>
        </detaileddescription>
        <inbodydescription>
        </inbodydescription>
        <location file="/home/roman/CLionProjects/ypprpo/gamelib/MovementComponent.h" line="34" column="11" bodyfile="/home/roman/CLionProjects/ypprpo/gamelib/MovementComponent.h" bodystart="34" bodyend="-1"/>
      </memberdef>
      <memberdef kind="variable" id="classMovementComponent_1acf75ed689e48457211dbe128a0e5722e" prot="private" static="no" mutable="no">
        <type>float</type>
        <definition>float MovementComponent::deceleration</definition>
        <argsstring></argsstring>
        <name>deceleration</name>
        <qualifiedname>MovementComponent::deceleration</qualifiedname>
        <briefdescription>
        </briefdescription>
        <detaileddescription>
        </detaileddescription>
        <inbodydescription>
        </inbodydescription>
        <location file="/home/roman/CLionProjects/ypprpo/gamelib/MovementComponent.h" line="35" column="11" bodyfile="/home/roman/CLionProjects/ypprpo/gamelib/MovementComponent.h" bodystart="35" bodyend="-1"/>
      </memberdef>
      <memberdef kind="variable" id="classMovementComponent_1aeeef6c503d56b2e28a3d3406a08037a0" prot="private" static="no" mutable="no">
        <type>sf::Vector2f</type>
        <definition>sf::Vector2f MovementComponent::velocity</definition>
        <argsstring></argsstring>
        <name>velocity</name>
        <qualifiedname>MovementComponent::velocity</qualifiedname>
        <briefdescription>
        </briefdescription>
        <detaileddescription>
        </detaileddescription>
        <inbodydescription>
        </inbodydescription>
        <location file="/home/roman/CLionProjects/ypprpo/gamelib/MovementComponent.h" line="37" column="18" bodyfile="/home/roman/CLionProjects/ypprpo/gamelib/MovementComponent.h" bodystart="37" bodyend="-1"/>
      </memberdef>
      </sectiondef>
      <sectiondef kind="public-func">
      <memberdef kind="function" id="classMovementComponent_1aa8ff04403685cc7301bb59535edf66c9" prot="public" static="no" const="no" explicit="no" inline="no" virt="non-virtual">
        <type></type>
        <definition>MovementComponent::MovementComponent</definition>
        <argsstring>(sf::Sprite &amp;sprite, float maxVelocity, float acceleration, float deceleration)</argsstring>
        <name>MovementComponent</name>
        <qualifiedname>MovementComponent::MovementComponent</qualifiedname>
        <param>
          <type>sf::Sprite &amp;</type>
          <declname>sprite</declname>
        </param>
        <param>
          <type>float</type>
          <declname>maxVelocity</declname>
        </param>
        <param>
          <type>float</type>
          <declname>acceleration</declname>
        </param>
        <param>
          <type>float</type>
          <declname>deceleration</declname>
        </param>
        <briefdescription>
        </briefdescription>
        <detaileddescription>
        </detaileddescription>
        <inbodydescription>
        </inbodydescription>
        <location file="/home/roman/CLionProjects/ypprpo/gamelib/MovementComponent.h" line="42" column="5" bodyfile="/home/roman/CLionProjects/ypprpo/gamelib/MovementComponent.cpp" bodystart="7" bodyend="12"/>
      </memberdef>
      <memberdef kind="function" id="classMovementComponent_1ac39be9eb1437d87cc50404dfb25487e6" prot="public" static="no" const="no" explicit="no" inline="no" virt="virtual">
        <type></type>
        <definition>MovementComponent::~MovementComponent</definition>
        <argsstring>()</argsstring>
        <name>~MovementComponent</name>
        <qualifiedname>MovementComponent::~MovementComponent</qualifiedname>
        <briefdescription>
        </briefdescription>
        <detaileddescription>
        </detaileddescription>
        <inbodydescription>
        </inbodydescription>
        <location file="/home/roman/CLionProjects/ypprpo/gamelib/MovementComponent.h" line="44" column="13" bodyfile="/home/roman/CLionProjects/ypprpo/gamelib/MovementComponent.cpp" bodystart="14" bodyend="16"/>
      </memberdef>
      <memberdef kind="function" id="classMovementComponent_1a3e1518aeeafdbe336159bbbe72c4cd89" prot="public" static="no" const="yes" explicit="no" inline="no" virt="non-virtual">
        <type>const sf::Vector2f &amp;</type>
        <definition>const sf::Vector2f &amp; MovementComponent::getVelocity</definition>
        <argsstring>() const</argsstring>
        <name>getVelocity</name>
        <qualifiedname>MovementComponent::getVelocity</qualifiedname>
        <briefdescription>
        </briefdescription>
        <detaileddescription>
        </detaileddescription>
        <inbodydescription>
        </inbodydescription>
        <location file="/home/roman/CLionProjects/ypprpo/gamelib/MovementComponent.h" line="47" column="24" bodyfile="/home/roman/CLionProjects/ypprpo/gamelib/MovementComponent.cpp" bodystart="18" bodyend="20"/>
      </memberdef>
      <memberdef kind="function" id="classMovementComponent_1a5d991681c022928054917ba84093ca6c" prot="public" static="no" const="yes" explicit="no" inline="no" virt="non-virtual">
        <type>const bool</type>
        <definition>const bool MovementComponent::getState</definition>
        <argsstring>(const short unsigned state) const</argsstring>
        <name>getState</name>
        <qualifiedname>MovementComponent::getState</qualifiedname>
        <param>
          <type>const short unsigned</type>
          <declname>state</declname>
        </param>
        <briefdescription>
        </briefdescription>
        <detaileddescription>
        </detaileddescription>
        <inbodydescription>
        </inbodydescription>
        <location file="/home/roman/CLionProjects/ypprpo/gamelib/MovementComponent.h" line="50" column="16" bodyfile="/home/roman/CLionProjects/ypprpo/gamelib/MovementComponent.cpp" bodystart="23" bodyend="51"/>
      </memberdef>
      <memberdef kind="function" id="classMovementComponent_1a8c664f595f76c817eb5932e012dde2d4" prot="public" static="no" const="yes" explicit="no" inline="no" virt="non-virtual">
        <type>const bool</type>
        <definition>const bool MovementComponent::idle</definition>
        <argsstring>() const</argsstring>
        <name>idle</name>
        <qualifiedname>MovementComponent::idle</qualifiedname>
        <briefdescription>
        </briefdescription>
        <detaileddescription>
        </detaileddescription>
        <inbodydescription>
        </inbodydescription>
        <location file="/home/roman/CLionProjects/ypprpo/gamelib/MovementComponent.h" line="51" column="16"/>
      </memberdef>
      <memberdef kind="function" id="classMovementComponent_1a417c0fca65d691d7a0a3f61b1a0da6bd" prot="public" static="no" const="yes" explicit="no" inline="no" virt="non-virtual">
        <type>const bool</type>
        <definition>const bool MovementComponent::moving</definition>
        <argsstring>() const</argsstring>
        <name>moving</name>
        <qualifiedname>MovementComponent::moving</qualifiedname>
        <briefdescription>
        </briefdescription>
        <detaileddescription>
        </detaileddescription>
        <inbodydescription>
        </inbodydescription>
        <location file="/home/roman/CLionProjects/ypprpo/gamelib/MovementComponent.h" line="52" column="16"/>
      </memberdef>
      <memberdef kind="function" id="classMovementComponent_1a2e955aa3c5f530b616cde9a4a78403ec" prot="public" static="no" const="yes" explicit="no" inline="no" virt="non-virtual">
        <type>const bool</type>
        <definition>const bool MovementComponent::movingLeft</definition>
        <argsstring>() const</argsstring>
        <name>movingLeft</name>
        <qualifiedname>MovementComponent::movingLeft</qualifiedname>
        <briefdescription>
        </briefdescription>
        <detaileddescription>
        </detaileddescription>
        <inbodydescription>
        </inbodydescription>
        <location file="/home/roman/CLionProjects/ypprpo/gamelib/MovementComponent.h" line="53" column="16"/>
      </memberdef>
      <memberdef kind="function" id="classMovementComponent_1a228d984e04173b8076a528089d242ced" prot="public" static="no" const="yes" explicit="no" inline="no" virt="non-virtual">
        <type>const bool</type>
        <definition>const bool MovementComponent::movingRight</definition>
        <argsstring>() const</argsstring>
        <name>movingRight</name>
        <qualifiedname>MovementComponent::movingRight</qualifiedname>
        <briefdescription>
        </briefdescription>
        <detaileddescription>
        </detaileddescription>
        <inbodydescription>
        </inbodydescription>
        <location file="/home/roman/CLionProjects/ypprpo/gamelib/MovementComponent.h" line="54" column="16"/>
      </memberdef>
      <memberdef kind="function" id="classMovementComponent_1adc585c17d7e00142cd09d91714289bf3" prot="public" static="no" const="no" explicit="no" inline="no" virt="non-virtual">
        <type>void</type>
        <definition>void MovementComponent::move</definition>
        <argsstring>(const float x, const float y, const float &amp;dt)</argsstring>
        <name>move</name>
        <qualifiedname>MovementComponent::move</qualifiedname>
        <param>
          <type>const float</type>
          <declname>x</declname>
        </param>
        <param>
          <type>const float</type>
          <declname>y</declname>
        </param>
        <param>
          <type>const float &amp;</type>
          <declname>dt</declname>
        </param>
        <briefdescription>
        </briefdescription>
        <detaileddescription>
        </detaileddescription>
        <inbodydescription>
        </inbodydescription>
        <location file="/home/roman/CLionProjects/ypprpo/gamelib/MovementComponent.h" line="56" column="10" bodyfile="/home/roman/CLionProjects/ypprpo/gamelib/MovementComponent.cpp" bodystart="54" bodyend="58"/>
      </memberdef>
      <memberdef kind="function" id="classMovementComponent_1a294d0e9fefa263e20b2f4321a2f39eb0" prot="public" static="no" const="no" explicit="no" inline="no" virt="non-virtual">
        <type>void</type>
        <definition>void MovementComponent::update</definition>
        <argsstring>(const float &amp;dt)</argsstring>
        <name>update</name>
        <qualifiedname>MovementComponent::update</qualifiedname>
        <param>
          <type>const float &amp;</type>
          <declname>dt</declname>
        </param>
        <briefdescription>
        </briefdescription>
        <detaileddescription>
        </detaileddescription>
        <inbodydescription>
        </inbodydescription>
        <location file="/home/roman/CLionProjects/ypprpo/gamelib/MovementComponent.h" line="57" column="10" bodyfile="/home/roman/CLionProjects/ypprpo/gamelib/MovementComponent.cpp" bodystart="60" bodyend="107"/>
      </memberdef>
      </sectiondef>
    <briefdescription>
    </briefdescription>
    <detaileddescription>
    </detaileddescription>
    <location file="/home/roman/CLionProjects/ypprpo/gamelib/MovementComponent.h" line="30" column="1" bodyfile="/home/roman/CLionProjects/ypprpo/gamelib/MovementComponent.h" bodystart="30" bodyend="58"/>
    <listofallmembers>
      <member refid="classMovementComponent_1ac4be228c6916d1326a873b90262bbd42" prot="private" virt="non-virtual"><scope>MovementComponent</scope><name>acceleration</name></member>
      <member refid="classMovementComponent_1acf75ed689e48457211dbe128a0e5722e" prot="private" virt="non-virtual"><scope>MovementComponent</scope><name>deceleration</name></member>
      <member refid="classMovementComponent_1a5d991681c022928054917ba84093ca6c" prot="public" virt="non-virtual"><scope>MovementComponent</scope><name>getState</name></member>
      <member refid="classMovementComponent_1a3e1518aeeafdbe336159bbbe72c4cd89" prot="public" virt="non-virtual"><scope>MovementComponent</scope><name>getVelocity</name></member>
      <member refid="classMovementComponent_1a8c664f595f76c817eb5932e012dde2d4" prot="public" virt="non-virtual"><scope>MovementComponent</scope><name>idle</name></member>
      <member refid="classMovementComponent_1aab21d3902a1e0a8ae84eaa1703e82ab4" prot="private" virt="non-virtual"><scope>MovementComponent</scope><name>maxVelocity</name></member>
      <member refid="classMovementComponent_1adc585c17d7e00142cd09d91714289bf3" prot="public" virt="non-virtual"><scope>MovementComponent</scope><name>move</name></member>
      <member refid="classMovementComponent_1aa8ff04403685cc7301bb59535edf66c9" prot="public" virt="non-virtual"><scope>MovementComponent</scope><name>MovementComponent</name></member>
      <member refid="classMovementComponent_1a417c0fca65d691d7a0a3f61b1a0da6bd" prot="public" virt="non-virtual"><scope>MovementComponent</scope><name>moving</name></member>
      <member refid="classMovementComponent_1a2e955aa3c5f530b616cde9a4a78403ec" prot="public" virt="non-virtual"><scope>MovementComponent</scope><name>movingLeft</name></member>
      <member refid="classMovementComponent_1a228d984e04173b8076a528089d242ced" prot="public" virt="non-virtual"><scope>MovementComponent</scope><name>movingRight</name></member>
      <member refid="classMovementComponent_1a30a668af4d09fa61af7ddb474b5c9cd9" prot="private" virt="non-virtual"><scope>MovementComponent</scope><name>sprite</name></member>
      <member refid="classMovementComponent_1a294d0e9fefa263e20b2f4321a2f39eb0" prot="public" virt="non-virtual"><scope>MovementComponent</scope><name>update</name></member>
      <member refid="classMovementComponent_1aeeef6c503d56b2e28a3d3406a08037a0" prot="private" virt="non-virtual"><scope>MovementComponent</scope><name>velocity</name></member>
      <member refid="classMovementComponent_1ac39be9eb1437d87cc50404dfb25487e6" prot="public" virt="virtual"><scope>MovementComponent</scope><name>~MovementComponent</name></member>
    </listofallmembers>
  </compounddef>
</doxygen>
