<?xml version='1.0' encoding='UTF-8' standalone='no'?>
<doxygen xmlns:xsi="http://www.w3.org/2001/XMLSchema-instance" xsi:noNamespaceSchemaLocation="compound.xsd" version="1.9.5" xml:lang="en-US">
  <compounddef id="classAnimationComponent_1_1Animation" kind="class" language="C++" prot="private">
    <compoundname>AnimationComponent::Animation</compoundname>
      <sectiondef kind="public-attrib">
      <memberdef kind="variable" id="classAnimationComponent_1_1Animation_1ab0e647834a0a572f95385b708be320e6" prot="public" static="no" mutable="no">
        <type>sf::Sprite &amp;</type>
        <definition>sf::Sprite&amp; AnimationComponent::Animation::sprite</definition>
        <argsstring></argsstring>
        <name>sprite</name>
        <qualifiedname>AnimationComponent::Animation::sprite</qualifiedname>
        <briefdescription>
        </briefdescription>
        <detaileddescription>
        </detaileddescription>
        <inbodydescription>
        </inbodydescription>
        <location file="/home/roman/CLionProjects/ypprpo/gamelib/AnimationComponent.h" line="23" column="20" bodyfile="/home/roman/CLionProjects/ypprpo/gamelib/AnimationComponent.h" bodystart="23" bodyend="-1"/>
      </memberdef>
      <memberdef kind="variable" id="classAnimationComponent_1_1Animation_1a1ca6099108b4439cb6bc3d7ba3aadad4" prot="public" static="no" mutable="no">
        <type>sf::Texture &amp;</type>
        <definition>sf::Texture&amp; AnimationComponent::Animation::textureSheet</definition>
        <argsstring></argsstring>
        <name>textureSheet</name>
        <qualifiedname>AnimationComponent::Animation::textureSheet</qualifiedname>
        <briefdescription>
        </briefdescription>
        <detaileddescription>
        </detaileddescription>
        <inbodydescription>
        </inbodydescription>
        <location file="/home/roman/CLionProjects/ypprpo/gamelib/AnimationComponent.h" line="24" column="21" bodyfile="/home/roman/CLionProjects/ypprpo/gamelib/AnimationComponent.h" bodystart="24" bodyend="-1"/>
      </memberdef>
      <memberdef kind="variable" id="classAnimationComponent_1_1Animation_1a7944e35a07ceb7aa85a03995501d0dae" prot="public" static="no" mutable="no">
        <type>float</type>
        <definition>float AnimationComponent::Animation::animationTimer</definition>
        <argsstring></argsstring>
        <name>animationTimer</name>
        <qualifiedname>AnimationComponent::Animation::animationTimer</qualifiedname>
        <briefdescription>
        </briefdescription>
        <detaileddescription>
        </detaileddescription>
        <inbodydescription>
        </inbodydescription>
        <location file="/home/roman/CLionProjects/ypprpo/gamelib/AnimationComponent.h" line="25" column="15" bodyfile="/home/roman/CLionProjects/ypprpo/gamelib/AnimationComponent.h" bodystart="25" bodyend="-1"/>
      </memberdef>
      <memberdef kind="variable" id="classAnimationComponent_1_1Animation_1ad0b47cb9d7fa9ba2ff1f201bfcaa4f05" prot="public" static="no" mutable="no">
        <type>float</type>
        <definition>float AnimationComponent::Animation::timer</definition>
        <argsstring></argsstring>
        <name>timer</name>
        <qualifiedname>AnimationComponent::Animation::timer</qualifiedname>
        <briefdescription>
        </briefdescription>
        <detaileddescription>
        </detaileddescription>
        <inbodydescription>
        </inbodydescription>
        <location file="/home/roman/CLionProjects/ypprpo/gamelib/AnimationComponent.h" line="26" column="15" bodyfile="/home/roman/CLionProjects/ypprpo/gamelib/AnimationComponent.h" bodystart="26" bodyend="-1"/>
      </memberdef>
      <memberdef kind="variable" id="classAnimationComponent_1_1Animation_1aaae889fb3be85293abde0671664ba422" prot="public" static="no" mutable="no">
        <type>int</type>
        <definition>int AnimationComponent::Animation::width</definition>
        <argsstring></argsstring>
        <name>width</name>
        <qualifiedname>AnimationComponent::Animation::width</qualifiedname>
        <briefdescription>
        </briefdescription>
        <detaileddescription>
        </detaileddescription>
        <inbodydescription>
        </inbodydescription>
        <location file="/home/roman/CLionProjects/ypprpo/gamelib/AnimationComponent.h" line="27" column="13" bodyfile="/home/roman/CLionProjects/ypprpo/gamelib/AnimationComponent.h" bodystart="27" bodyend="-1"/>
      </memberdef>
      <memberdef kind="variable" id="classAnimationComponent_1_1Animation_1a97514aa0a92c42b32cd977dbd3b365f2" prot="public" static="no" mutable="no">
        <type>int</type>
        <definition>int AnimationComponent::Animation::height</definition>
        <argsstring></argsstring>
        <name>height</name>
        <qualifiedname>AnimationComponent::Animation::height</qualifiedname>
        <briefdescription>
        </briefdescription>
        <detaileddescription>
        </detaileddescription>
        <inbodydescription>
        </inbodydescription>
        <location file="/home/roman/CLionProjects/ypprpo/gamelib/AnimationComponent.h" line="28" column="13" bodyfile="/home/roman/CLionProjects/ypprpo/gamelib/AnimationComponent.h" bodystart="28" bodyend="-1"/>
      </memberdef>
      <memberdef kind="variable" id="classAnimationComponent_1_1Animation_1a6db5bcb3c0e20df7248c937f541c118e" prot="public" static="no" mutable="no">
        <type>sf::IntRect</type>
        <definition>sf::IntRect AnimationComponent::Animation::startRect</definition>
        <argsstring></argsstring>
        <name>startRect</name>
        <qualifiedname>AnimationComponent::Animation::startRect</qualifiedname>
        <briefdescription>
        </briefdescription>
        <detaileddescription>
        </detaileddescription>
        <inbodydescription>
        </inbodydescription>
        <location file="/home/roman/CLionProjects/ypprpo/gamelib/AnimationComponent.h" line="29" column="21" bodyfile="/home/roman/CLionProjects/ypprpo/gamelib/AnimationComponent.h" bodystart="29" bodyend="-1"/>
      </memberdef>
      <memberdef kind="variable" id="classAnimationComponent_1_1Animation_1a063dae131ef9c87984f04332c4df8b68" prot="public" static="no" mutable="no">
        <type>sf::IntRect</type>
        <definition>sf::IntRect AnimationComponent::Animation::currentRect</definition>
        <argsstring></argsstring>
        <name>currentRect</name>
        <qualifiedname>AnimationComponent::Animation::currentRect</qualifiedname>
        <briefdescription>
        </briefdescription>
        <detaileddescription>
        </detaileddescription>
        <inbodydescription>
        </inbodydescription>
        <location file="/home/roman/CLionProjects/ypprpo/gamelib/AnimationComponent.h" line="30" column="21" bodyfile="/home/roman/CLionProjects/ypprpo/gamelib/AnimationComponent.h" bodystart="30" bodyend="-1"/>
      </memberdef>
      <memberdef kind="variable" id="classAnimationComponent_1_1Animation_1af6e686db3dcd3cd918984b591dda60c6" prot="public" static="no" mutable="no">
        <type>sf::IntRect</type>
        <definition>sf::IntRect AnimationComponent::Animation::endRect</definition>
        <argsstring></argsstring>
        <name>endRect</name>
        <qualifiedname>AnimationComponent::Animation::endRect</qualifiedname>
        <briefdescription>
        </briefdescription>
        <detaileddescription>
        </detaileddescription>
        <inbodydescription>
        </inbodydescription>
        <location file="/home/roman/CLionProjects/ypprpo/gamelib/AnimationComponent.h" line="31" column="21" bodyfile="/home/roman/CLionProjects/ypprpo/gamelib/AnimationComponent.h" bodystart="31" bodyend="-1"/>
      </memberdef>
      </sectiondef>
      <sectiondef kind="public-func">
      <memberdef kind="function" id="classAnimationComponent_1_1Animation_1abfaeb62af9963d9b90f7f4056b53b046" prot="public" static="no" const="no" explicit="no" inline="yes" virt="non-virtual">
        <type></type>
        <definition>AnimationComponent::Animation::Animation</definition>
        <argsstring>(sf::Sprite &amp;sprite, sf::Texture &amp;texture_sheet, float animation_timer, int start_frame_x, int start_frame_y, int frames_x, int frames_y, int width, int height)</argsstring>
        <name>Animation</name>
        <qualifiedname>AnimationComponent::Animation::Animation</qualifiedname>
        <param>
          <type>sf::Sprite &amp;</type>
          <declname>sprite</declname>
        </param>
        <param>
          <type>sf::Texture &amp;</type>
          <declname>texture_sheet</declname>
        </param>
        <param>
          <type>float</type>
          <declname>animation_timer</declname>
        </param>
        <param>
          <type>int</type>
          <declname>start_frame_x</declname>
        </param>
        <param>
          <type>int</type>
          <declname>start_frame_y</declname>
        </param>
        <param>
          <type>int</type>
          <declname>frames_x</declname>
        </param>
        <param>
          <type>int</type>
          <declname>frames_y</declname>
        </param>
        <param>
          <type>int</type>
          <declname>width</declname>
        </param>
        <param>
          <type>int</type>
          <declname>height</declname>
        </param>
        <briefdescription>
        </briefdescription>
        <detaileddescription>
        </detaileddescription>
        <inbodydescription>
        </inbodydescription>
        <location file="/home/roman/CLionProjects/ypprpo/gamelib/AnimationComponent.h" line="33" column="9" bodyfile="/home/roman/CLionProjects/ypprpo/gamelib/AnimationComponent.h" bodystart="33" bodyend="44"/>
      </memberdef>
      <memberdef kind="function" id="classAnimationComponent_1_1Animation_1a32f5a44a924f2d17954d3a1388c19371" prot="public" static="no" const="no" explicit="no" inline="yes" virt="non-virtual">
        <type>void</type>
        <definition>void AnimationComponent::Animation::play</definition>
        <argsstring>(const float &amp;dt)</argsstring>
        <name>play</name>
        <qualifiedname>AnimationComponent::Animation::play</qualifiedname>
        <param>
          <type>const float &amp;</type>
          <declname>dt</declname>
        </param>
        <briefdescription>
        </briefdescription>
        <detaileddescription>
        </detaileddescription>
        <inbodydescription>
        </inbodydescription>
        <location file="/home/roman/CLionProjects/ypprpo/gamelib/AnimationComponent.h" line="47" column="14" bodyfile="/home/roman/CLionProjects/ypprpo/gamelib/AnimationComponent.h" bodystart="47" bodyend="63"/>
      </memberdef>
      <memberdef kind="function" id="classAnimationComponent_1_1Animation_1acb1b1c58f3808f1fedbcdf62454a2220" prot="public" static="no" const="no" explicit="no" inline="yes" virt="non-virtual">
        <type>void</type>
        <definition>void AnimationComponent::Animation::reset</definition>
        <argsstring>()</argsstring>
        <name>reset</name>
        <qualifiedname>AnimationComponent::Animation::reset</qualifiedname>
        <briefdescription>
        </briefdescription>
        <detaileddescription>
        </detaileddescription>
        <inbodydescription>
        </inbodydescription>
        <location file="/home/roman/CLionProjects/ypprpo/gamelib/AnimationComponent.h" line="64" column="14" bodyfile="/home/roman/CLionProjects/ypprpo/gamelib/AnimationComponent.h" bodystart="64" bodyend="67"/>
      </memberdef>
      </sectiondef>
    <briefdescription>
    </briefdescription>
    <detaileddescription>
    </detaileddescription>
    <location file="/home/roman/CLionProjects/ypprpo/gamelib/AnimationComponent.h" line="20" column="5" bodyfile="/home/roman/CLionProjects/ypprpo/gamelib/AnimationComponent.h" bodystart="20" bodyend="68"/>
    <listofallmembers>
      <member refid="classAnimationComponent_1_1Animation_1abfaeb62af9963d9b90f7f4056b53b046" prot="public" virt="non-virtual"><scope>AnimationComponent::Animation</scope><name>Animation</name></member>
      <member refid="classAnimationComponent_1_1Animation_1a7944e35a07ceb7aa85a03995501d0dae" prot="public" virt="non-virtual"><scope>AnimationComponent::Animation</scope><name>animationTimer</name></member>
      <member refid="classAnimationComponent_1_1Animation_1a063dae131ef9c87984f04332c4df8b68" prot="public" virt="non-virtual"><scope>AnimationComponent::Animation</scope><name>currentRect</name></member>
      <member refid="classAnimationComponent_1_1Animation_1af6e686db3dcd3cd918984b591dda60c6" prot="public" virt="non-virtual"><scope>AnimationComponent::Animation</scope><name>endRect</name></member>
      <member refid="classAnimationComponent_1_1Animation_1a97514aa0a92c42b32cd977dbd3b365f2" prot="public" virt="non-virtual"><scope>AnimationComponent::Animation</scope><name>height</name></member>
      <member refid="classAnimationComponent_1_1Animation_1a32f5a44a924f2d17954d3a1388c19371" prot="public" virt="non-virtual"><scope>AnimationComponent::Animation</scope><name>play</name></member>
      <member refid="classAnimationComponent_1_1Animation_1acb1b1c58f3808f1fedbcdf62454a2220" prot="public" virt="non-virtual"><scope>AnimationComponent::Animation</scope><name>reset</name></member>
      <member refid="classAnimationComponent_1_1Animation_1ab0e647834a0a572f95385b708be320e6" prot="public" virt="non-virtual"><scope>AnimationComponent::Animation</scope><name>sprite</name></member>
      <member refid="classAnimationComponent_1_1Animation_1a6db5bcb3c0e20df7248c937f541c118e" prot="public" virt="non-virtual"><scope>AnimationComponent::Animation</scope><name>startRect</name></member>
      <member refid="classAnimationComponent_1_1Animation_1a1ca6099108b4439cb6bc3d7ba3aadad4" prot="public" virt="non-virtual"><scope>AnimationComponent::Animation</scope><name>textureSheet</name></member>
      <member refid="classAnimationComponent_1_1Animation_1ad0b47cb9d7fa9ba2ff1f201bfcaa4f05" prot="public" virt="non-virtual"><scope>AnimationComponent::Animation</scope><name>timer</name></member>
      <member refid="classAnimationComponent_1_1Animation_1aaae889fb3be85293abde0671664ba422" prot="public" virt="non-virtual"><scope>AnimationComponent::Animation</scope><name>width</name></member>
    </listofallmembers>
  </compounddef>
</doxygen>
