<?xml version='1.0' encoding='UTF-8' standalone='no'?>
<doxygen xmlns:xsi="http://www.w3.org/2001/XMLSchema-instance" xsi:noNamespaceSchemaLocation="compound.xsd" version="1.9.5" xml:lang="en-US">
  <compounddef id="classPlayer" kind="class" language="C++" prot="public">
    <compoundname>Player</compoundname>
    <basecompoundref refid="classEntity" prot="public" virt="non-virtual">Entity</basecompoundref>
      <sectiondef kind="private-func">
      <memberdef kind="function" id="classPlayer_1a41ed6d3482b0815b564ac401093a297a" prot="private" static="no" const="no" explicit="no" inline="no" virt="non-virtual">
        <type>void</type>
        <definition>void Player::initVariables</definition>
        <argsstring>()</argsstring>
        <name>initVariables</name>
        <qualifiedname>Player::initVariables</qualifiedname>
        <briefdescription>
        </briefdescription>
        <detaileddescription>
        </detaileddescription>
        <inbodydescription>
        </inbodydescription>
        <location file="/home/roman/CLionProjects/ypprpo/gamelib/Player.h" line="16" column="10" bodyfile="/home/roman/CLionProjects/ypprpo/gamelib/Player.cpp" bodystart="8" bodyend="10"/>
      </memberdef>
      <memberdef kind="function" id="classPlayer_1ac4a2145146b769400b0346d7528861d6" prot="private" static="no" const="no" explicit="no" inline="no" virt="non-virtual">
        <type>void</type>
        <definition>void Player::initComponents</definition>
        <argsstring>()</argsstring>
        <name>initComponents</name>
        <qualifiedname>Player::initComponents</qualifiedname>
        <briefdescription>
        </briefdescription>
        <detaileddescription>
        </detaileddescription>
        <inbodydescription>
        </inbodydescription>
        <location file="/home/roman/CLionProjects/ypprpo/gamelib/Player.h" line="17" column="10" bodyfile="/home/roman/CLionProjects/ypprpo/gamelib/Player.cpp" bodystart="12" bodyend="14"/>
      </memberdef>
      </sectiondef>
      <sectiondef kind="public-func">
      <memberdef kind="function" id="classPlayer_1a5a4c9d4ad9e4ae95fbf19032b77bb238" prot="public" static="no" const="no" explicit="no" inline="no" virt="non-virtual">
        <type></type>
        <definition>Player::Player</definition>
        <argsstring>(float x, float y, sf::Texture &amp;texture)</argsstring>
        <name>Player</name>
        <qualifiedname>Player::Player</qualifiedname>
        <param>
          <type>float</type>
          <declname>x</declname>
        </param>
        <param>
          <type>float</type>
          <declname>y</declname>
        </param>
        <param>
          <type>sf::Texture &amp;</type>
          <declname>texture</declname>
        </param>
        <briefdescription>
        </briefdescription>
        <detaileddescription>
        </detaileddescription>
        <inbodydescription>
        </inbodydescription>
        <location file="/home/roman/CLionProjects/ypprpo/gamelib/Player.h" line="19" column="5" bodyfile="/home/roman/CLionProjects/ypprpo/gamelib/Player.cpp" bodystart="17" bodyend="28"/>
      </memberdef>
      <memberdef kind="function" id="classPlayer_1a749d2c00e1fe0f5c2746f7505a58c062" prot="public" static="no" const="no" explicit="no" inline="no" virt="virtual">
        <type></type>
        <definition>Player::~Player</definition>
        <argsstring>()</argsstring>
        <name>~Player</name>
        <qualifiedname>Player::~Player</qualifiedname>
        <briefdescription>
        </briefdescription>
        <detaileddescription>
        </detaileddescription>
        <inbodydescription>
        </inbodydescription>
        <location file="/home/roman/CLionProjects/ypprpo/gamelib/Player.h" line="20" column="13" bodyfile="/home/roman/CLionProjects/ypprpo/gamelib/Player.cpp" bodystart="30" bodyend="32"/>
      </memberdef>
      <memberdef kind="function" id="classPlayer_1a5304fa0736910ab6ebf822fb494784c8" prot="public" static="no" const="no" explicit="no" inline="no" virt="virtual">
        <type>void</type>
        <definition>void Player::update</definition>
        <argsstring>(const float &amp;dt)</argsstring>
        <name>update</name>
        <qualifiedname>Player::update</qualifiedname>
        <reimplements refid="classEntity_1ab2329f370183bc3acdeb6854bfed7aa4">update</reimplements>
        <param>
          <type>const float &amp;</type>
          <declname>dt</declname>
        </param>
        <briefdescription>
        </briefdescription>
        <detaileddescription>
        </detaileddescription>
        <inbodydescription>
        </inbodydescription>
        <location file="/home/roman/CLionProjects/ypprpo/gamelib/Player.h" line="23" column="18" bodyfile="/home/roman/CLionProjects/ypprpo/gamelib/Player.cpp" bodystart="35" bodyend="60"/>
      </memberdef>
      </sectiondef>
    <briefdescription>
    </briefdescription>
    <detaileddescription>
    </detaileddescription>
    <inheritancegraph>
      <node id="2">
        <label>Entity</label>
        <link refid="classEntity"/>
      </node>
      <node id="1">
        <label>Player</label>
        <link refid="classPlayer"/>
        <childnode refid="2" relation="public-inheritance">
        </childnode>
      </node>
    </inheritancegraph>
    <collaborationgraph>
      <node id="4">
        <label>AnimationComponent</label>
        <link refid="classAnimationComponent"/>
      </node>
      <node id="2">
        <label>Entity</label>
        <link refid="classEntity"/>
        <childnode refid="3" relation="usage">
          <edgelabel>movementComponent</edgelabel>
        </childnode>
        <childnode refid="4" relation="usage">
          <edgelabel>animationComponent</edgelabel>
        </childnode>
      </node>
      <node id="3">
        <label>MovementComponent</label>
        <link refid="classMovementComponent"/>
      </node>
      <node id="1">
        <label>Player</label>
        <link refid="classPlayer"/>
        <childnode refid="2" relation="public-inheritance">
        </childnode>
      </node>
    </collaborationgraph>
    <location file="/home/roman/CLionProjects/ypprpo/gamelib/Player.h" line="10" column="1" bodyfile="/home/roman/CLionProjects/ypprpo/gamelib/Player.h" bodystart="11" bodyend="24"/>
    <listofallmembers>
      <member refid="classEntity_1a268d12375d14979ec9af95e9ec7eb9fb" prot="protected" virt="non-virtual"><scope>Player</scope><name>animationComponent</name></member>
      <member refid="classEntity_1ad6036f1e8331eac1cf2efd0dff9b1218" prot="public" virt="non-virtual"><scope>Player</scope><name>createAnimationComponent</name></member>
      <member refid="classEntity_1a16540b41cf19af516751984e678bbfbf" prot="public" virt="non-virtual"><scope>Player</scope><name>createMovementComponent</name></member>
      <member refid="classEntity_1a980f368aa07ce358583982821533a54a" prot="public" virt="non-virtual"><scope>Player</scope><name>Entity</name></member>
      <member refid="classPlayer_1ac4a2145146b769400b0346d7528861d6" prot="private" virt="non-virtual"><scope>Player</scope><name>initComponents</name></member>
      <member refid="classPlayer_1a41ed6d3482b0815b564ac401093a297a" prot="private" virt="non-virtual"><scope>Player</scope><name>initVariables</name></member>
      <member refid="classEntity_1a55ca11ade330a86ab3b45e9b380154bf" prot="public" virt="virtual"><scope>Player</scope><name>move</name></member>
      <member refid="classEntity_1a03968c6e74a176ffe496e428550faa91" prot="protected" virt="non-virtual"><scope>Player</scope><name>movementComponent</name></member>
      <member refid="classPlayer_1a5a4c9d4ad9e4ae95fbf19032b77bb238" prot="public" virt="non-virtual"><scope>Player</scope><name>Player</name></member>
      <member refid="classEntity_1a11a242b1b0796933326c902d6f3449a4" prot="public" virt="virtual"><scope>Player</scope><name>render</name></member>
      <member refid="classEntity_1ab634ca7ef80f912d4da76f341e28b241" prot="public" virt="virtual"><scope>Player</scope><name>setPosition</name></member>
      <member refid="classEntity_1a0e2e68071fbe4490a619b4985e643d3b" prot="public" virt="non-virtual"><scope>Player</scope><name>setTexture</name></member>
      <member refid="classEntity_1a48ef4ab143b8d0211877c9f6be42e824" prot="protected" virt="non-virtual"><scope>Player</scope><name>sprite</name></member>
      <member refid="classPlayer_1a5304fa0736910ab6ebf822fb494784c8" prot="public" virt="virtual"><scope>Player</scope><name>update</name></member>
      <member refid="classEntity_1adf6d3f7cb1b2ba029b6b048a395cc8ae" prot="public" virt="virtual"><scope>Player</scope><name>~Entity</name></member>
      <member refid="classPlayer_1a749d2c00e1fe0f5c2746f7505a58c062" prot="public" virt="virtual"><scope>Player</scope><name>~Player</name></member>
    </listofallmembers>
  </compounddef>
</doxygen>
