<?xml version='1.0' encoding='UTF-8' standalone='no'?>
<doxygen xmlns:xsi="http://www.w3.org/2001/XMLSchema-instance" xsi:noNamespaceSchemaLocation="compound.xsd" version="1.9.5" xml:lang="en-US">
  <compounddef id="classGame" kind="class" language="C++" prot="public">
    <compoundname>Game</compoundname>
    <includes refid="Game_8h" local="no">Game.h</includes>
      <sectiondef kind="private-attrib">
      <memberdef kind="variable" id="classGame_1af00d15651edd39b7c28262b23bb50c7a" prot="private" static="no" mutable="no">
        <type>sf::RenderWindow *</type>
        <definition>sf::RenderWindow* Game::window</definition>
        <argsstring></argsstring>
        <name>window</name>
        <qualifiedname>Game::window</qualifiedname>
        <briefdescription>
        </briefdescription>
        <detaileddescription>
        </detaileddescription>
        <inbodydescription>
        </inbodydescription>
        <location file="/home/roman/CLionProjects/ypprpo/gamelib/Game.h" line="17" column="22" bodyfile="/home/roman/CLionProjects/ypprpo/gamelib/Game.h" bodystart="17" bodyend="-1"/>
      </memberdef>
      <memberdef kind="variable" id="classGame_1a1392fa61566de5b31a8d5e22586f3dcc" prot="private" static="no" mutable="no">
        <type>sf::Event</type>
        <definition>sf::Event Game::sfEvent</definition>
        <argsstring></argsstring>
        <name>sfEvent</name>
        <qualifiedname>Game::sfEvent</qualifiedname>
        <briefdescription>
        </briefdescription>
        <detaileddescription>
        </detaileddescription>
        <inbodydescription>
        </inbodydescription>
        <location file="/home/roman/CLionProjects/ypprpo/gamelib/Game.h" line="18" column="15" bodyfile="/home/roman/CLionProjects/ypprpo/gamelib/Game.h" bodystart="18" bodyend="-1"/>
      </memberdef>
      <memberdef kind="variable" id="classGame_1a7df52512ffd83cef82a960b395ad929c" prot="private" static="no" mutable="no">
        <type>std::vector&lt; sf::VideoMode &gt;</type>
        <definition>std::vector&lt;sf::VideoMode&gt; Game::videoModes</definition>
        <argsstring></argsstring>
        <name>videoModes</name>
        <qualifiedname>Game::videoModes</qualifiedname>
        <briefdescription>
        </briefdescription>
        <detaileddescription>
        </detaileddescription>
        <inbodydescription>
        </inbodydescription>
        <location file="/home/roman/CLionProjects/ypprpo/gamelib/Game.h" line="19" column="17" bodyfile="/home/roman/CLionProjects/ypprpo/gamelib/Game.h" bodystart="19" bodyend="-1"/>
      </memberdef>
      <memberdef kind="variable" id="classGame_1a9dec581886448c7335512e92b1b7864e" prot="private" static="no" mutable="no">
        <type>sf::ContextSettings</type>
        <definition>sf::ContextSettings Game::windowSettings</definition>
        <argsstring></argsstring>
        <name>windowSettings</name>
        <qualifiedname>Game::windowSettings</qualifiedname>
        <briefdescription>
        </briefdescription>
        <detaileddescription>
        </detaileddescription>
        <inbodydescription>
        </inbodydescription>
        <location file="/home/roman/CLionProjects/ypprpo/gamelib/Game.h" line="20" column="25" bodyfile="/home/roman/CLionProjects/ypprpo/gamelib/Game.h" bodystart="20" bodyend="-1"/>
      </memberdef>
      <memberdef kind="variable" id="classGame_1a026034417d95688ab99ba2e96e064b7f" prot="private" static="no" mutable="no">
        <type>bool</type>
        <definition>bool Game::fullscreen</definition>
        <argsstring></argsstring>
        <name>fullscreen</name>
        <qualifiedname>Game::fullscreen</qualifiedname>
        <briefdescription>
        </briefdescription>
        <detaileddescription>
        </detaileddescription>
        <inbodydescription>
        </inbodydescription>
        <location file="/home/roman/CLionProjects/ypprpo/gamelib/Game.h" line="21" column="10" bodyfile="/home/roman/CLionProjects/ypprpo/gamelib/Game.h" bodystart="21" bodyend="-1"/>
      </memberdef>
      <memberdef kind="variable" id="classGame_1a255dd8ce84d69a79cdec0454400a4bc8" prot="private" static="no" mutable="no">
        <type>sf::Clock</type>
        <definition>sf::Clock Game::dtClock</definition>
        <argsstring></argsstring>
        <name>dtClock</name>
        <qualifiedname>Game::dtClock</qualifiedname>
        <briefdescription>
        </briefdescription>
        <detaileddescription>
        </detaileddescription>
        <inbodydescription>
        </inbodydescription>
        <location file="/home/roman/CLionProjects/ypprpo/gamelib/Game.h" line="23" column="15" bodyfile="/home/roman/CLionProjects/ypprpo/gamelib/Game.h" bodystart="23" bodyend="-1"/>
      </memberdef>
      <memberdef kind="variable" id="classGame_1a5184b0439c5cefb45050d0bfaca9ac97" prot="private" static="no" mutable="no">
        <type>float</type>
        <definition>float Game::dt</definition>
        <argsstring></argsstring>
        <name>dt</name>
        <qualifiedname>Game::dt</qualifiedname>
        <briefdescription>
        </briefdescription>
        <detaileddescription>
        </detaileddescription>
        <inbodydescription>
        </inbodydescription>
        <location file="/home/roman/CLionProjects/ypprpo/gamelib/Game.h" line="24" column="11" bodyfile="/home/roman/CLionProjects/ypprpo/gamelib/Game.h" bodystart="24" bodyend="-1"/>
      </memberdef>
      <memberdef kind="variable" id="classGame_1ab953bd17e03bc976b1dc13eb6dde9ee0" prot="private" static="no" mutable="no">
        <type>std::stack&lt; <ref refid="classState" kindref="compound">State</ref> * &gt;</type>
        <definition>std::stack&lt;State*&gt; Game::states</definition>
        <argsstring></argsstring>
        <name>states</name>
        <qualifiedname>Game::states</qualifiedname>
        <briefdescription>
        </briefdescription>
        <detaileddescription>
        </detaileddescription>
        <inbodydescription>
        </inbodydescription>
        <location file="/home/roman/CLionProjects/ypprpo/gamelib/Game.h" line="26" column="16" bodyfile="/home/roman/CLionProjects/ypprpo/gamelib/Game.h" bodystart="26" bodyend="-1"/>
      </memberdef>
      <memberdef kind="variable" id="classGame_1a0ebf5e039be4084b26cbb1de8c6468a7" prot="private" static="no" mutable="no">
        <type>std::map&lt; std::string, int &gt;</type>
        <definition>std::map&lt;std::string, int&gt; Game::supportedKeys</definition>
        <argsstring></argsstring>
        <name>supportedKeys</name>
        <qualifiedname>Game::supportedKeys</qualifiedname>
        <briefdescription>
        </briefdescription>
        <detaileddescription>
        </detaileddescription>
        <inbodydescription>
        </inbodydescription>
        <location file="/home/roman/CLionProjects/ypprpo/gamelib/Game.h" line="31" column="14" bodyfile="/home/roman/CLionProjects/ypprpo/gamelib/Game.h" bodystart="31" bodyend="-1"/>
      </memberdef>
      </sectiondef>
      <sectiondef kind="private-func">
      <memberdef kind="function" id="classGame_1aa7255464a62947a22ebcf9f0e5e6c52d" prot="private" static="no" const="no" explicit="no" inline="no" virt="non-virtual">
        <type>void</type>
        <definition>void Game::initVariables</definition>
        <argsstring>()</argsstring>
        <name>initVariables</name>
        <qualifiedname>Game::initVariables</qualifiedname>
        <briefdescription>
        </briefdescription>
        <detaileddescription>
<para>Make this cat look super cute </para>
        </detaileddescription>
        <inbodydescription>
        </inbodydescription>
        <location file="/home/roman/CLionProjects/ypprpo/gamelib/Game.h" line="37" column="10" bodyfile="/home/roman/CLionProjects/ypprpo/gamelib/Game.cpp" bodystart="9" bodyend="13"/>
      </memberdef>
      <memberdef kind="function" id="classGame_1a15f85bb1959ffeae84f17c7f08db9018" prot="private" static="no" const="no" explicit="no" inline="no" virt="non-virtual">
        <type>void</type>
        <definition>void Game::initWindow</definition>
        <argsstring>()</argsstring>
        <name>initWindow</name>
        <qualifiedname>Game::initWindow</qualifiedname>
        <briefdescription>
        </briefdescription>
        <detaileddescription>
        </detaileddescription>
        <inbodydescription>
        </inbodydescription>
        <location file="/home/roman/CLionProjects/ypprpo/gamelib/Game.h" line="38" column="10" bodyfile="/home/roman/CLionProjects/ypprpo/gamelib/Game.cpp" bodystart="15" bodyend="47"/>
      </memberdef>
      <memberdef kind="function" id="classGame_1a51bd4898283e795b5f95ee2db1653229" prot="private" static="no" const="no" explicit="no" inline="no" virt="non-virtual">
        <type>void</type>
        <definition>void Game::initKeys</definition>
        <argsstring>()</argsstring>
        <name>initKeys</name>
        <qualifiedname>Game::initKeys</qualifiedname>
        <briefdescription>
        </briefdescription>
        <detaileddescription>
        </detaileddescription>
        <inbodydescription>
        </inbodydescription>
        <location file="/home/roman/CLionProjects/ypprpo/gamelib/Game.h" line="39" column="10" bodyfile="/home/roman/CLionProjects/ypprpo/gamelib/Game.cpp" bodystart="49" bodyend="65"/>
      </memberdef>
      <memberdef kind="function" id="classGame_1a9374c8f07e57e5697fb0b35f51d96361" prot="private" static="no" const="no" explicit="no" inline="no" virt="non-virtual">
        <type>void</type>
        <definition>void Game::initStates</definition>
        <argsstring>()</argsstring>
        <name>initStates</name>
        <qualifiedname>Game::initStates</qualifiedname>
        <briefdescription>
        </briefdescription>
        <detaileddescription>
        </detaileddescription>
        <inbodydescription>
        </inbodydescription>
        <location file="/home/roman/CLionProjects/ypprpo/gamelib/Game.h" line="40" column="10" bodyfile="/home/roman/CLionProjects/ypprpo/gamelib/Game.cpp" bodystart="67" bodyend="69"/>
      </memberdef>
      </sectiondef>
      <sectiondef kind="public-func">
      <memberdef kind="function" id="classGame_1ad59df6562a58a614fda24622d3715b65" prot="public" static="no" const="no" explicit="no" inline="no" virt="non-virtual">
        <type></type>
        <definition>Game::Game</definition>
        <argsstring>()</argsstring>
        <name>Game</name>
        <qualifiedname>Game::Game</qualifiedname>
        <briefdescription>
        </briefdescription>
        <detaileddescription>
        </detaileddescription>
        <inbodydescription>
        </inbodydescription>
        <location file="/home/roman/CLionProjects/ypprpo/gamelib/Game.h" line="45" column="5" bodyfile="/home/roman/CLionProjects/ypprpo/gamelib/Game.cpp" bodystart="74" bodyend="79"/>
      </memberdef>
      <memberdef kind="function" id="classGame_1ae3d112ca6e0e55150d2fdbc704474530" prot="public" static="no" const="no" explicit="no" inline="no" virt="virtual">
        <type></type>
        <definition>Game::~Game</definition>
        <argsstring>()</argsstring>
        <name>~Game</name>
        <qualifiedname>Game::~Game</qualifiedname>
        <briefdescription>
        </briefdescription>
        <detaileddescription>
        </detaileddescription>
        <inbodydescription>
        </inbodydescription>
        <location file="/home/roman/CLionProjects/ypprpo/gamelib/Game.h" line="46" column="13" bodyfile="/home/roman/CLionProjects/ypprpo/gamelib/Game.cpp" bodystart="81" bodyend="89"/>
      </memberdef>
      <memberdef kind="function" id="classGame_1a7ab64d477b806da35ee0aebe46e24af3" prot="public" static="no" const="no" explicit="no" inline="no" virt="non-virtual">
        <type>void</type>
        <definition>void Game::endApplication</definition>
        <argsstring>()</argsstring>
        <name>endApplication</name>
        <qualifiedname>Game::endApplication</qualifiedname>
        <briefdescription>
        </briefdescription>
        <detaileddescription>
        </detaileddescription>
        <inbodydescription>
        </inbodydescription>
        <location file="/home/roman/CLionProjects/ypprpo/gamelib/Game.h" line="50" column="10" bodyfile="/home/roman/CLionProjects/ypprpo/gamelib/Game.cpp" bodystart="94" bodyend="96"/>
      </memberdef>
      <memberdef kind="function" id="classGame_1a8a513f3fa9524a00cb5b009fefa32c3a" prot="public" static="no" const="no" explicit="no" inline="no" virt="non-virtual">
        <type>void</type>
        <definition>void Game::updateDt</definition>
        <argsstring>()</argsstring>
        <name>updateDt</name>
        <qualifiedname>Game::updateDt</qualifiedname>
        <briefdescription>
<para>Update. </para>
        </briefdescription>
        <detaileddescription>
        </detaileddescription>
        <inbodydescription>
        </inbodydescription>
        <location file="/home/roman/CLionProjects/ypprpo/gamelib/Game.h" line="52" column="10" bodyfile="/home/roman/CLionProjects/ypprpo/gamelib/Game.cpp" bodystart="98" bodyend="103"/>
      </memberdef>
      <memberdef kind="function" id="classGame_1aec4876cfb285b9301b39d3a134bd608a" prot="public" static="no" const="no" explicit="no" inline="no" virt="non-virtual">
        <type>void</type>
        <definition>void Game::updateSFMLEvents</definition>
        <argsstring>()</argsstring>
        <name>updateSFMLEvents</name>
        <qualifiedname>Game::updateSFMLEvents</qualifiedname>
        <briefdescription>
        </briefdescription>
        <detaileddescription>
        </detaileddescription>
        <inbodydescription>
        </inbodydescription>
        <location file="/home/roman/CLionProjects/ypprpo/gamelib/Game.h" line="53" column="10" bodyfile="/home/roman/CLionProjects/ypprpo/gamelib/Game.cpp" bodystart="105" bodyend="111"/>
      </memberdef>
      <memberdef kind="function" id="classGame_1a79df6376b332d63c9eca0dcee30305c3" prot="public" static="no" const="no" explicit="no" inline="no" virt="non-virtual">
        <type>void</type>
        <definition>void Game::update</definition>
        <argsstring>()</argsstring>
        <name>update</name>
        <qualifiedname>Game::update</qualifiedname>
        <briefdescription>
        </briefdescription>
        <detaileddescription>
        </detaileddescription>
        <inbodydescription>
        </inbodydescription>
        <location file="/home/roman/CLionProjects/ypprpo/gamelib/Game.h" line="54" column="10" bodyfile="/home/roman/CLionProjects/ypprpo/gamelib/Game.cpp" bodystart="113" bodyend="131"/>
      </memberdef>
      <memberdef kind="function" id="classGame_1a15ddd769261d923827a3cdf41499c843" prot="public" static="no" const="no" explicit="no" inline="no" virt="non-virtual">
        <type>void</type>
        <definition>void Game::render</definition>
        <argsstring>()</argsstring>
        <name>render</name>
        <qualifiedname>Game::render</qualifiedname>
        <briefdescription>
<para>Render. </para>
        </briefdescription>
        <detaileddescription>
        </detaileddescription>
        <inbodydescription>
        </inbodydescription>
        <location file="/home/roman/CLionProjects/ypprpo/gamelib/Game.h" line="57" column="10" bodyfile="/home/roman/CLionProjects/ypprpo/gamelib/Game.cpp" bodystart="133" bodyend="141"/>
      </memberdef>
      <memberdef kind="function" id="classGame_1a1ab78f5ed0d5ea879157357cf2fb2afa" prot="public" static="no" const="no" explicit="no" inline="no" virt="non-virtual">
        <type>void</type>
        <definition>void Game::run</definition>
        <argsstring>()</argsstring>
        <name>run</name>
        <qualifiedname>Game::run</qualifiedname>
        <briefdescription>
<para>Core. </para>
        </briefdescription>
        <detaileddescription>
        </detaileddescription>
        <inbodydescription>
        </inbodydescription>
        <location file="/home/roman/CLionProjects/ypprpo/gamelib/Game.h" line="60" column="10" bodyfile="/home/roman/CLionProjects/ypprpo/gamelib/Game.cpp" bodystart="143" bodyend="151"/>
      </memberdef>
      </sectiondef>
    <briefdescription>
    </briefdescription>
    <detaileddescription>
<para>A fluffy feline </para>
    </detaileddescription>
    <location file="/home/roman/CLionProjects/ypprpo/gamelib/Game.h" line="13" column="1" bodyfile="/home/roman/CLionProjects/ypprpo/gamelib/Game.h" bodystart="13" bodyend="62"/>
    <listofallmembers>
      <member refid="classGame_1a5184b0439c5cefb45050d0bfaca9ac97" prot="private" virt="non-virtual"><scope>Game</scope><name>dt</name></member>
      <member refid="classGame_1a255dd8ce84d69a79cdec0454400a4bc8" prot="private" virt="non-virtual"><scope>Game</scope><name>dtClock</name></member>
      <member refid="classGame_1a7ab64d477b806da35ee0aebe46e24af3" prot="public" virt="non-virtual"><scope>Game</scope><name>endApplication</name></member>
      <member refid="classGame_1a026034417d95688ab99ba2e96e064b7f" prot="private" virt="non-virtual"><scope>Game</scope><name>fullscreen</name></member>
      <member refid="classGame_1ad59df6562a58a614fda24622d3715b65" prot="public" virt="non-virtual"><scope>Game</scope><name>Game</name></member>
      <member refid="classGame_1a51bd4898283e795b5f95ee2db1653229" prot="private" virt="non-virtual"><scope>Game</scope><name>initKeys</name></member>
      <member refid="classGame_1a9374c8f07e57e5697fb0b35f51d96361" prot="private" virt="non-virtual"><scope>Game</scope><name>initStates</name></member>
      <member refid="classGame_1aa7255464a62947a22ebcf9f0e5e6c52d" prot="private" virt="non-virtual"><scope>Game</scope><name>initVariables</name></member>
      <member refid="classGame_1a15f85bb1959ffeae84f17c7f08db9018" prot="private" virt="non-virtual"><scope>Game</scope><name>initWindow</name></member>
      <member refid="classGame_1a15ddd769261d923827a3cdf41499c843" prot="public" virt="non-virtual"><scope>Game</scope><name>render</name></member>
      <member refid="classGame_1a1ab78f5ed0d5ea879157357cf2fb2afa" prot="public" virt="non-virtual"><scope>Game</scope><name>run</name></member>
      <member refid="classGame_1a1392fa61566de5b31a8d5e22586f3dcc" prot="private" virt="non-virtual"><scope>Game</scope><name>sfEvent</name></member>
      <member refid="classGame_1ab953bd17e03bc976b1dc13eb6dde9ee0" prot="private" virt="non-virtual"><scope>Game</scope><name>states</name></member>
      <member refid="classGame_1a0ebf5e039be4084b26cbb1de8c6468a7" prot="private" virt="non-virtual"><scope>Game</scope><name>supportedKeys</name></member>
      <member refid="classGame_1a79df6376b332d63c9eca0dcee30305c3" prot="public" virt="non-virtual"><scope>Game</scope><name>update</name></member>
      <member refid="classGame_1a8a513f3fa9524a00cb5b009fefa32c3a" prot="public" virt="non-virtual"><scope>Game</scope><name>updateDt</name></member>
      <member refid="classGame_1aec4876cfb285b9301b39d3a134bd608a" prot="public" virt="non-virtual"><scope>Game</scope><name>updateSFMLEvents</name></member>
      <member refid="classGame_1a7df52512ffd83cef82a960b395ad929c" prot="private" virt="non-virtual"><scope>Game</scope><name>videoModes</name></member>
      <member refid="classGame_1af00d15651edd39b7c28262b23bb50c7a" prot="private" virt="non-virtual"><scope>Game</scope><name>window</name></member>
      <member refid="classGame_1a9dec581886448c7335512e92b1b7864e" prot="private" virt="non-virtual"><scope>Game</scope><name>windowSettings</name></member>
      <member refid="classGame_1ae3d112ca6e0e55150d2fdbc704474530" prot="public" virt="virtual"><scope>Game</scope><name>~Game</name></member>
    </listofallmembers>
  </compounddef>
</doxygen>
