<?xml version='1.0' encoding='UTF-8' standalone='no'?>
<doxygen xmlns:xsi="http://www.w3.org/2001/XMLSchema-instance" xsi:noNamespaceSchemaLocation="compound.xsd" version="1.9.5" xml:lang="en-US">
  <compounddef id="classEntity" kind="class" language="C++" prot="public">
    <compoundname>Entity</compoundname>
    <derivedcompoundref refid="classPlayer" prot="public" virt="non-virtual">Player</derivedcompoundref>
      <sectiondef kind="protected-attrib">
      <memberdef kind="variable" id="classEntity_1a48ef4ab143b8d0211877c9f6be42e824" prot="protected" static="no" mutable="no">
        <type>sf::Sprite</type>
        <definition>sf::Sprite Entity::sprite</definition>
        <argsstring></argsstring>
        <name>sprite</name>
        <qualifiedname>Entity::sprite</qualifiedname>
        <briefdescription>
        </briefdescription>
        <detaileddescription>
        </detaileddescription>
        <inbodydescription>
        </inbodydescription>
        <location file="/home/roman/CLionProjects/ypprpo/gamelib/Entity.h" line="17" column="16" bodyfile="/home/roman/CLionProjects/ypprpo/gamelib/Entity.h" bodystart="17" bodyend="-1"/>
      </memberdef>
      <memberdef kind="variable" id="classEntity_1a03968c6e74a176ffe496e428550faa91" prot="protected" static="no" mutable="no">
        <type><ref refid="classMovementComponent" kindref="compound">MovementComponent</ref> *</type>
        <definition>MovementComponent* Entity::movementComponent</definition>
        <argsstring></argsstring>
        <name>movementComponent</name>
        <qualifiedname>Entity::movementComponent</qualifiedname>
        <briefdescription>
        </briefdescription>
        <detaileddescription>
        </detaileddescription>
        <inbodydescription>
        </inbodydescription>
        <location file="/home/roman/CLionProjects/ypprpo/gamelib/Entity.h" line="19" column="23" bodyfile="/home/roman/CLionProjects/ypprpo/gamelib/Entity.h" bodystart="19" bodyend="-1"/>
      </memberdef>
      <memberdef kind="variable" id="classEntity_1a268d12375d14979ec9af95e9ec7eb9fb" prot="protected" static="no" mutable="no">
        <type><ref refid="classAnimationComponent" kindref="compound">AnimationComponent</ref> *</type>
        <definition>AnimationComponent* Entity::animationComponent</definition>
        <argsstring></argsstring>
        <name>animationComponent</name>
        <qualifiedname>Entity::animationComponent</qualifiedname>
        <briefdescription>
        </briefdescription>
        <detaileddescription>
        </detaileddescription>
        <inbodydescription>
        </inbodydescription>
        <location file="/home/roman/CLionProjects/ypprpo/gamelib/Entity.h" line="20" column="24" bodyfile="/home/roman/CLionProjects/ypprpo/gamelib/Entity.h" bodystart="20" bodyend="-1"/>
      </memberdef>
      </sectiondef>
      <sectiondef kind="private-func">
      <memberdef kind="function" id="classEntity_1aa9119b2f67ff8e369a3e58ef104a7087" prot="private" static="no" const="no" explicit="no" inline="no" virt="non-virtual">
        <type>void</type>
        <definition>void Entity::initVariables</definition>
        <argsstring>()</argsstring>
        <name>initVariables</name>
        <qualifiedname>Entity::initVariables</qualifiedname>
        <briefdescription>
        </briefdescription>
        <detaileddescription>
        </detaileddescription>
        <inbodydescription>
        </inbodydescription>
        <location file="/home/roman/CLionProjects/ypprpo/gamelib/Entity.h" line="14" column="10" bodyfile="/home/roman/CLionProjects/ypprpo/gamelib/Entity.cpp" bodystart="7" bodyend="9"/>
      </memberdef>
      </sectiondef>
      <sectiondef kind="public-func">
      <memberdef kind="function" id="classEntity_1a980f368aa07ce358583982821533a54a" prot="public" static="no" const="no" explicit="no" inline="no" virt="non-virtual">
        <type></type>
        <definition>Entity::Entity</definition>
        <argsstring>()</argsstring>
        <name>Entity</name>
        <qualifiedname>Entity::Entity</qualifiedname>
        <briefdescription>
        </briefdescription>
        <detaileddescription>
        </detaileddescription>
        <inbodydescription>
        </inbodydescription>
        <location file="/home/roman/CLionProjects/ypprpo/gamelib/Entity.h" line="22" column="5" bodyfile="/home/roman/CLionProjects/ypprpo/gamelib/Entity.cpp" bodystart="11" bodyend="13"/>
      </memberdef>
      <memberdef kind="function" id="classEntity_1adf6d3f7cb1b2ba029b6b048a395cc8ae" prot="public" static="no" const="no" explicit="no" inline="no" virt="virtual">
        <type></type>
        <definition>Entity::~Entity</definition>
        <argsstring>()</argsstring>
        <name>~Entity</name>
        <qualifiedname>Entity::~Entity</qualifiedname>
        <briefdescription>
        </briefdescription>
        <detaileddescription>
        </detaileddescription>
        <inbodydescription>
        </inbodydescription>
        <location file="/home/roman/CLionProjects/ypprpo/gamelib/Entity.h" line="23" column="13" bodyfile="/home/roman/CLionProjects/ypprpo/gamelib/Entity.cpp" bodystart="15" bodyend="18"/>
      </memberdef>
      <memberdef kind="function" id="classEntity_1a0e2e68071fbe4490a619b4985e643d3b" prot="public" static="no" const="no" explicit="no" inline="no" virt="non-virtual">
        <type>void</type>
        <definition>void Entity::setTexture</definition>
        <argsstring>(sf::Texture &amp;texture)</argsstring>
        <name>setTexture</name>
        <qualifiedname>Entity::setTexture</qualifiedname>
        <param>
          <type>sf::Texture &amp;</type>
          <declname>texture</declname>
        </param>
        <briefdescription>
        </briefdescription>
        <detaileddescription>
        </detaileddescription>
        <inbodydescription>
        </inbodydescription>
        <location file="/home/roman/CLionProjects/ypprpo/gamelib/Entity.h" line="26" column="10" bodyfile="/home/roman/CLionProjects/ypprpo/gamelib/Entity.cpp" bodystart="21" bodyend="23"/>
      </memberdef>
      <memberdef kind="function" id="classEntity_1a16540b41cf19af516751984e678bbfbf" prot="public" static="no" const="no" explicit="no" inline="no" virt="non-virtual">
        <type>void</type>
        <definition>void Entity::createMovementComponent</definition>
        <argsstring>(const float maxVelocity, const float acceleration, const float deceleration)</argsstring>
        <name>createMovementComponent</name>
        <qualifiedname>Entity::createMovementComponent</qualifiedname>
        <param>
          <type>const float</type>
          <declname>maxVelocity</declname>
        </param>
        <param>
          <type>const float</type>
          <declname>acceleration</declname>
        </param>
        <param>
          <type>const float</type>
          <declname>deceleration</declname>
        </param>
        <briefdescription>
        </briefdescription>
        <detaileddescription>
        </detaileddescription>
        <inbodydescription>
        </inbodydescription>
        <location file="/home/roman/CLionProjects/ypprpo/gamelib/Entity.h" line="27" column="10" bodyfile="/home/roman/CLionProjects/ypprpo/gamelib/Entity.cpp" bodystart="25" bodyend="27"/>
      </memberdef>
      <memberdef kind="function" id="classEntity_1ad6036f1e8331eac1cf2efd0dff9b1218" prot="public" static="no" const="no" explicit="no" inline="no" virt="non-virtual">
        <type>void</type>
        <definition>void Entity::createAnimationComponent</definition>
        <argsstring>(sf::Texture &amp;texture_sheet)</argsstring>
        <name>createAnimationComponent</name>
        <qualifiedname>Entity::createAnimationComponent</qualifiedname>
        <param>
          <type>sf::Texture &amp;</type>
          <declname>texture_sheet</declname>
        </param>
        <briefdescription>
        </briefdescription>
        <detaileddescription>
        </detaileddescription>
        <inbodydescription>
        </inbodydescription>
        <location file="/home/roman/CLionProjects/ypprpo/gamelib/Entity.h" line="28" column="10" bodyfile="/home/roman/CLionProjects/ypprpo/gamelib/Entity.cpp" bodystart="29" bodyend="31"/>
      </memberdef>
      <memberdef kind="function" id="classEntity_1ab634ca7ef80f912d4da76f341e28b241" prot="public" static="no" const="no" explicit="no" inline="no" virt="virtual">
        <type>void</type>
        <definition>void Entity::setPosition</definition>
        <argsstring>(const float x, const float y)</argsstring>
        <name>setPosition</name>
        <qualifiedname>Entity::setPosition</qualifiedname>
        <param>
          <type>const float</type>
          <declname>x</declname>
        </param>
        <param>
          <type>const float</type>
          <declname>y</declname>
        </param>
        <briefdescription>
        </briefdescription>
        <detaileddescription>
        </detaileddescription>
        <inbodydescription>
        </inbodydescription>
        <location file="/home/roman/CLionProjects/ypprpo/gamelib/Entity.h" line="30" column="18" bodyfile="/home/roman/CLionProjects/ypprpo/gamelib/Entity.cpp" bodystart="33" bodyend="35"/>
      </memberdef>
      <memberdef kind="function" id="classEntity_1a55ca11ade330a86ab3b45e9b380154bf" prot="public" static="no" const="no" explicit="no" inline="no" virt="virtual">
        <type>void</type>
        <definition>void Entity::move</definition>
        <argsstring>(const float x, const float y, const float &amp;dt)</argsstring>
        <name>move</name>
        <qualifiedname>Entity::move</qualifiedname>
        <param>
          <type>const float</type>
          <declname>x</declname>
        </param>
        <param>
          <type>const float</type>
          <declname>y</declname>
        </param>
        <param>
          <type>const float &amp;</type>
          <declname>dt</declname>
        </param>
        <briefdescription>
        </briefdescription>
        <detaileddescription>
        </detaileddescription>
        <inbodydescription>
        </inbodydescription>
        <location file="/home/roman/CLionProjects/ypprpo/gamelib/Entity.h" line="31" column="18" bodyfile="/home/roman/CLionProjects/ypprpo/gamelib/Entity.cpp" bodystart="36" bodyend="40"/>
      </memberdef>
      <memberdef kind="function" id="classEntity_1ab2329f370183bc3acdeb6854bfed7aa4" prot="public" static="no" const="no" explicit="no" inline="no" virt="virtual">
        <type>void</type>
        <definition>void Entity::update</definition>
        <argsstring>(const float &amp;dt)</argsstring>
        <name>update</name>
        <qualifiedname>Entity::update</qualifiedname>
        <reimplementedby refid="classPlayer_1a5304fa0736910ab6ebf822fb494784c8">update</reimplementedby>
        <param>
          <type>const float &amp;</type>
          <declname>dt</declname>
        </param>
        <briefdescription>
        </briefdescription>
        <detaileddescription>
        </detaileddescription>
        <inbodydescription>
        </inbodydescription>
        <location file="/home/roman/CLionProjects/ypprpo/gamelib/Entity.h" line="33" column="18" bodyfile="/home/roman/CLionProjects/ypprpo/gamelib/Entity.cpp" bodystart="42" bodyend="44"/>
      </memberdef>
      <memberdef kind="function" id="classEntity_1a11a242b1b0796933326c902d6f3449a4" prot="public" static="no" const="no" explicit="no" inline="no" virt="virtual">
        <type>void</type>
        <definition>void Entity::render</definition>
        <argsstring>(sf::RenderTarget *target)</argsstring>
        <name>render</name>
        <qualifiedname>Entity::render</qualifiedname>
        <param>
          <type>sf::RenderTarget *</type>
          <declname>target</declname>
        </param>
        <briefdescription>
        </briefdescription>
        <detaileddescription>
        </detaileddescription>
        <inbodydescription>
        </inbodydescription>
        <location file="/home/roman/CLionProjects/ypprpo/gamelib/Entity.h" line="34" column="18" bodyfile="/home/roman/CLionProjects/ypprpo/gamelib/Entity.cpp" bodystart="46" bodyend="48"/>
      </memberdef>
      </sectiondef>
    <briefdescription>
    </briefdescription>
    <detaileddescription>
    </detaileddescription>
    <inheritancegraph>
      <node id="1">
        <label>Entity</label>
        <link refid="classEntity"/>
      </node>
      <node id="2">
        <label>Player</label>
        <link refid="classPlayer"/>
        <childnode refid="1" relation="public-inheritance">
        </childnode>
      </node>
    </inheritancegraph>
    <collaborationgraph>
      <node id="3">
        <label>AnimationComponent</label>
        <link refid="classAnimationComponent"/>
      </node>
      <node id="1">
        <label>Entity</label>
        <link refid="classEntity"/>
        <childnode refid="2" relation="usage">
          <edgelabel>movementComponent</edgelabel>
        </childnode>
        <childnode refid="3" relation="usage">
          <edgelabel>animationComponent</edgelabel>
        </childnode>
      </node>
      <node id="2">
        <label>MovementComponent</label>
        <link refid="classMovementComponent"/>
      </node>
    </collaborationgraph>
    <location file="/home/roman/CLionProjects/ypprpo/gamelib/Entity.h" line="12" column="1" bodyfile="/home/roman/CLionProjects/ypprpo/gamelib/Entity.h" bodystart="12" bodyend="35"/>
    <listofallmembers>
      <member refid="classEntity_1a268d12375d14979ec9af95e9ec7eb9fb" prot="protected" virt="non-virtual"><scope>Entity</scope><name>animationComponent</name></member>
      <member refid="classEntity_1ad6036f1e8331eac1cf2efd0dff9b1218" prot="public" virt="non-virtual"><scope>Entity</scope><name>createAnimationComponent</name></member>
      <member refid="classEntity_1a16540b41cf19af516751984e678bbfbf" prot="public" virt="non-virtual"><scope>Entity</scope><name>createMovementComponent</name></member>
      <member refid="classEntity_1a980f368aa07ce358583982821533a54a" prot="public" virt="non-virtual"><scope>Entity</scope><name>Entity</name></member>
      <member refid="classEntity_1aa9119b2f67ff8e369a3e58ef104a7087" prot="private" virt="non-virtual"><scope>Entity</scope><name>initVariables</name></member>
      <member refid="classEntity_1a55ca11ade330a86ab3b45e9b380154bf" prot="public" virt="virtual"><scope>Entity</scope><name>move</name></member>
      <member refid="classEntity_1a03968c6e74a176ffe496e428550faa91" prot="protected" virt="non-virtual"><scope>Entity</scope><name>movementComponent</name></member>
      <member refid="classEntity_1a11a242b1b0796933326c902d6f3449a4" prot="public" virt="virtual"><scope>Entity</scope><name>render</name></member>
      <member refid="classEntity_1ab634ca7ef80f912d4da76f341e28b241" prot="public" virt="virtual"><scope>Entity</scope><name>setPosition</name></member>
      <member refid="classEntity_1a0e2e68071fbe4490a619b4985e643d3b" prot="public" virt="non-virtual"><scope>Entity</scope><name>setTexture</name></member>
      <member refid="classEntity_1a48ef4ab143b8d0211877c9f6be42e824" prot="protected" virt="non-virtual"><scope>Entity</scope><name>sprite</name></member>
      <member refid="classEntity_1ab2329f370183bc3acdeb6854bfed7aa4" prot="public" virt="virtual"><scope>Entity</scope><name>update</name></member>
      <member refid="classEntity_1adf6d3f7cb1b2ba029b6b048a395cc8ae" prot="public" virt="virtual"><scope>Entity</scope><name>~Entity</name></member>
    </listofallmembers>
  </compounddef>
</doxygen>
