<?xml version='1.0' encoding='UTF-8' standalone='no'?>
<doxygen xmlns:xsi="http://www.w3.org/2001/XMLSchema-instance" xsi:noNamespaceSchemaLocation="compound.xsd" version="1.9.5" xml:lang="en-US">
  <compounddef id="Entity_8h" kind="file" language="C++">
    <compoundname>Entity.h</compoundname>
    <includes refid="MovementComponent_8h" local="yes">MovementComponent.h</includes>
    <includes refid="AnimationComponent_8h" local="yes">AnimationComponent.h</includes>
    <includedby refid="Entity_8cpp" local="yes">/home/roman/CLionProjects/ypprpo/gamelib/Entity.cpp</includedby>
    <includedby refid="Player_8h" local="yes">/home/roman/CLionProjects/ypprpo/gamelib/Player.h</includedby>
    <includedby refid="State_8h" local="yes">/home/roman/CLionProjects/ypprpo/gamelib/State.h</includedby>
    <incdepgraph>
      <node id="17">
        <label>AnimationComponent.h</label>
        <link refid="AnimationComponent_8h_source"/>
        <childnode refid="4" relation="include">
        </childnode>
        <childnode refid="11" relation="include">
        </childnode>
        <childnode refid="18" relation="include">
        </childnode>
        <childnode refid="12" relation="include">
        </childnode>
        <childnode refid="13" relation="include">
        </childnode>
        <childnode refid="14" relation="include">
        </childnode>
        <childnode refid="15" relation="include">
        </childnode>
        <childnode refid="16" relation="include">
        </childnode>
      </node>
      <node id="1">
        <label>/home/roman/CLionProjects/ypprpo/gamelib/Entity.h</label>
        <link refid="Entity_8h"/>
        <childnode refid="2" relation="include">
        </childnode>
        <childnode refid="17" relation="include">
        </childnode>
      </node>
      <node id="2">
        <label>MovementComponent.h</label>
        <link refid="MovementComponent_8h_source"/>
        <childnode refid="3" relation="include">
        </childnode>
        <childnode refid="4" relation="include">
        </childnode>
        <childnode refid="5" relation="include">
        </childnode>
        <childnode refid="6" relation="include">
        </childnode>
        <childnode refid="7" relation="include">
        </childnode>
        <childnode refid="8" relation="include">
        </childnode>
        <childnode refid="9" relation="include">
        </childnode>
        <childnode refid="10" relation="include">
        </childnode>
        <childnode refid="11" relation="include">
        </childnode>
        <childnode refid="12" relation="include">
        </childnode>
        <childnode refid="13" relation="include">
        </childnode>
        <childnode refid="14" relation="include">
        </childnode>
        <childnode refid="15" relation="include">
        </childnode>
        <childnode refid="16" relation="include">
        </childnode>
      </node>
      <node id="15">
        <label>SFML/Audio.hpp</label>
      </node>
      <node id="12">
        <label>SFML/Graphics.hpp</label>
      </node>
      <node id="16">
        <label>SFML/Network.hpp</label>
      </node>
      <node id="14">
        <label>SFML/System.hpp</label>
      </node>
      <node id="13">
        <label>SFML/Window.hpp</label>
      </node>
      <node id="7">
        <label>cmath</label>
      </node>
      <node id="6">
        <label>cstdlib</label>
      </node>
      <node id="5">
        <label>ctime</label>
      </node>
      <node id="9">
        <label>fstream</label>
      </node>
      <node id="4">
        <label>iostream</label>
      </node>
      <node id="11">
        <label>map</label>
      </node>
      <node id="8">
        <label>sstream</label>
      </node>
      <node id="10">
        <label>stack</label>
      </node>
      <node id="18">
        <label>string</label>
      </node>
      <node id="3">
        <label>vector</label>
      </node>
    </incdepgraph>
    <invincdepgraph>
      <node id="1">
        <label>/home/roman/CLionProjects/ypprpo/gamelib/Entity.h</label>
        <link refid="Entity_8h"/>
        <childnode refid="2" relation="include">
        </childnode>
        <childnode refid="3" relation="include">
        </childnode>
      </node>
      <node id="6">
        <label>/home/roman/CLionProjects/ypprpo/gamelib/Game.h</label>
        <link refid="Game_8h_source"/>
      </node>
      <node id="4">
        <label>/home/roman/CLionProjects/ypprpo/gamelib/GameState.h</label>
        <link refid="GameState_8h_source"/>
        <childnode refid="5" relation="include">
        </childnode>
      </node>
      <node id="5">
        <label>/home/roman/CLionProjects/ypprpo/gamelib/MainMenuState.h</label>
        <link refid="MainMenuState_8h_source"/>
        <childnode refid="6" relation="include">
        </childnode>
      </node>
      <node id="2">
        <label>/home/roman/CLionProjects/ypprpo/gamelib/Player.h</label>
        <link refid="Player_8h_source"/>
        <childnode refid="3" relation="include">
        </childnode>
      </node>
      <node id="3">
        <label>/home/roman/CLionProjects/ypprpo/gamelib/State.h</label>
        <link refid="State_8h_source"/>
        <childnode refid="4" relation="include">
        </childnode>
      </node>
    </invincdepgraph>
    <innerclass refid="classEntity" prot="public">Entity</innerclass>
    <briefdescription>
    </briefdescription>
    <detaileddescription>
    </detaileddescription>
    <programlisting>
<codeline lineno="1"><highlight class="comment">//</highlight><highlight class="normal"></highlight></codeline>
<codeline lineno="2"><highlight class="normal"></highlight><highlight class="comment">//<sp/>Created<sp/>by<sp/>roman<sp/>on<sp/>5/6/22.</highlight><highlight class="normal"></highlight></codeline>
<codeline lineno="3"><highlight class="normal"></highlight><highlight class="comment">//</highlight><highlight class="normal"></highlight></codeline>
<codeline lineno="4"><highlight class="normal"></highlight></codeline>
<codeline lineno="5"><highlight class="normal"></highlight><highlight class="preprocessor">#ifndef<sp/>YPPRPO_ENTITY_H</highlight><highlight class="normal"></highlight></codeline>
<codeline lineno="6"><highlight class="normal"></highlight><highlight class="preprocessor">#define<sp/>YPPRPO_ENTITY_H</highlight><highlight class="normal"></highlight></codeline>
<codeline lineno="7"><highlight class="normal"></highlight></codeline>
<codeline lineno="8"><highlight class="normal"></highlight><highlight class="preprocessor">#include<sp/>&quot;MovementComponent.h&quot;</highlight><highlight class="normal"></highlight></codeline>
<codeline lineno="9"><highlight class="normal"></highlight><highlight class="preprocessor">#include<sp/>&quot;AnimationComponent.h&quot;</highlight><highlight class="normal"></highlight></codeline>
<codeline lineno="10"><highlight class="normal"></highlight></codeline>
<codeline lineno="11"><highlight class="normal"></highlight><highlight class="comment">//<sp/>base<sp/>for<sp/>characters</highlight><highlight class="normal"></highlight></codeline>
<codeline lineno="12" refid="classEntity" refkind="compound"><highlight class="normal"></highlight><highlight class="keyword">class<sp/></highlight><highlight class="normal"><ref refid="classEntity" kindref="compound">Entity</ref><sp/>{</highlight></codeline>
<codeline lineno="13"><highlight class="normal"></highlight><highlight class="keyword">private</highlight><highlight class="normal">:</highlight></codeline>
<codeline lineno="14"><highlight class="normal"><sp/><sp/><sp/><sp/></highlight><highlight class="keywordtype">void</highlight><highlight class="normal"><sp/>initVariables();</highlight></codeline>
<codeline lineno="15"><highlight class="normal"></highlight><highlight class="comment">//everything<sp/>under<sp/>protected<sp/>can<sp/>be<sp/>accessed<sp/>in<sp/>child<sp/>class</highlight><highlight class="normal"></highlight></codeline>
<codeline lineno="16"><highlight class="normal"></highlight><highlight class="keyword">protected</highlight><highlight class="normal">:</highlight></codeline>
<codeline lineno="17"><highlight class="normal"><sp/><sp/><sp/><sp/>sf::Sprite<sp/>sprite;</highlight></codeline>
<codeline lineno="18"><highlight class="normal"></highlight></codeline>
<codeline lineno="19"><highlight class="normal"><sp/><sp/><sp/><sp/><ref refid="classMovementComponent" kindref="compound">MovementComponent</ref>*<sp/>movementComponent;</highlight></codeline>
<codeline lineno="20"><highlight class="normal"><sp/><sp/><sp/><sp/><ref refid="classAnimationComponent" kindref="compound">AnimationComponent</ref>*<sp/>animationComponent;</highlight></codeline>
<codeline lineno="21"><highlight class="normal"></highlight><highlight class="keyword">public</highlight><highlight class="normal">:</highlight></codeline>
<codeline lineno="22"><highlight class="normal"><sp/><sp/><sp/><sp/><ref refid="classEntity" kindref="compound">Entity</ref>();</highlight></codeline>
<codeline lineno="23"><highlight class="normal"><sp/><sp/><sp/><sp/></highlight><highlight class="keyword">virtual</highlight><highlight class="normal"><sp/><ref refid="classEntity" kindref="compound">~Entity</ref>();</highlight></codeline>
<codeline lineno="24"><highlight class="normal"></highlight></codeline>
<codeline lineno="25"><highlight class="normal"><sp/><sp/><sp/><sp/></highlight><highlight class="comment">//Component<sp/>functions</highlight><highlight class="normal"></highlight></codeline>
<codeline lineno="26"><highlight class="normal"><sp/><sp/><sp/><sp/></highlight><highlight class="keywordtype">void</highlight><highlight class="normal"><sp/>setTexture(sf::Texture&amp;<sp/>texture);</highlight></codeline>
<codeline lineno="27"><highlight class="normal"><sp/><sp/><sp/><sp/></highlight><highlight class="keywordtype">void</highlight><highlight class="normal"><sp/>createMovementComponent(</highlight><highlight class="keyword">const</highlight><highlight class="normal"><sp/></highlight><highlight class="keywordtype">float</highlight><highlight class="normal"><sp/>maxVelocity,<sp/></highlight><highlight class="keyword">const</highlight><highlight class="normal"><sp/></highlight><highlight class="keywordtype">float</highlight><highlight class="normal"><sp/>acceleration,<sp/></highlight><highlight class="keyword">const</highlight><highlight class="normal"><sp/></highlight><highlight class="keywordtype">float</highlight><highlight class="normal"><sp/>deceleration);</highlight></codeline>
<codeline lineno="28"><highlight class="normal"><sp/><sp/><sp/><sp/></highlight><highlight class="keywordtype">void</highlight><highlight class="normal"><sp/>createAnimationComponent(sf::Texture&amp;<sp/>texture_sheet);</highlight></codeline>
<codeline lineno="29"><highlight class="normal"><sp/><sp/><sp/><sp/></highlight><highlight class="comment">//Functions</highlight><highlight class="normal"></highlight></codeline>
<codeline lineno="30"><highlight class="normal"><sp/><sp/><sp/><sp/></highlight><highlight class="keyword">virtual</highlight><highlight class="normal"><sp/></highlight><highlight class="keywordtype">void</highlight><highlight class="normal"><sp/>setPosition(</highlight><highlight class="keyword">const</highlight><highlight class="normal"><sp/></highlight><highlight class="keywordtype">float</highlight><highlight class="normal"><sp/>x,<sp/></highlight><highlight class="keyword">const</highlight><highlight class="normal"><sp/></highlight><highlight class="keywordtype">float</highlight><highlight class="normal"><sp/>y);</highlight></codeline>
<codeline lineno="31"><highlight class="normal"><sp/><sp/><sp/><sp/></highlight><highlight class="keyword">virtual</highlight><highlight class="normal"><sp/></highlight><highlight class="keywordtype">void</highlight><highlight class="normal"><sp/>move(</highlight><highlight class="keyword">const</highlight><highlight class="normal"><sp/></highlight><highlight class="keywordtype">float</highlight><highlight class="normal"><sp/>x,<sp/></highlight><highlight class="keyword">const</highlight><highlight class="normal"><sp/></highlight><highlight class="keywordtype">float</highlight><highlight class="normal"><sp/>y,<sp/></highlight><highlight class="keyword">const</highlight><highlight class="normal"><sp/></highlight><highlight class="keywordtype">float</highlight><highlight class="normal">&amp;<sp/>dt);</highlight></codeline>
<codeline lineno="32"><highlight class="normal"></highlight></codeline>
<codeline lineno="33"><highlight class="normal"><sp/><sp/><sp/><sp/></highlight><highlight class="keyword">virtual</highlight><highlight class="normal"><sp/></highlight><highlight class="keywordtype">void</highlight><highlight class="normal"><sp/>update(</highlight><highlight class="keyword">const</highlight><highlight class="normal"><sp/></highlight><highlight class="keywordtype">float</highlight><highlight class="normal">&amp;<sp/>dt)<sp/>;</highlight></codeline>
<codeline lineno="34"><highlight class="normal"><sp/><sp/><sp/><sp/></highlight><highlight class="keyword">virtual</highlight><highlight class="normal"><sp/></highlight><highlight class="keywordtype">void</highlight><highlight class="normal"><sp/>render(sf::RenderTarget*<sp/>target)<sp/>;</highlight></codeline>
<codeline lineno="35"><highlight class="normal">};</highlight></codeline>
<codeline lineno="36"><highlight class="normal"></highlight></codeline>
<codeline lineno="37"><highlight class="normal"></highlight></codeline>
<codeline lineno="38"><highlight class="normal"></highlight><highlight class="preprocessor">#endif<sp/></highlight><highlight class="comment">//YPPRPO_ENTITY_H</highlight><highlight class="normal"></highlight></codeline>
    </programlisting>
    <location file="/home/roman/CLionProjects/ypprpo/gamelib/Entity.h"/>
  </compounddef>
</doxygen>
