<?xml version='1.0' encoding='UTF-8' standalone='no'?>
<doxygen xmlns:xsi="http://www.w3.org/2001/XMLSchema-instance" xsi:noNamespaceSchemaLocation="compound.xsd" version="1.9.5" xml:lang="en-US">
  <compounddef id="GameState_8h" kind="file" language="C++">
    <compoundname>GameState.h</compoundname>
    <includes refid="State_8h" local="yes">State.h</includes>
    <includedby refid="GameState_8cpp" local="yes">/home/roman/CLionProjects/ypprpo/gamelib/GameState.cpp</includedby>
    <includedby refid="MainMenuState_8h" local="yes">/home/roman/CLionProjects/ypprpo/gamelib/MainMenuState.h</includedby>
    <incdepgraph>
      <node id="19">
        <label>AnimationComponent.h</label>
        <link refid="AnimationComponent_8h_source"/>
        <childnode refid="6" relation="include">
        </childnode>
        <childnode refid="13" relation="include">
        </childnode>
        <childnode refid="20" relation="include">
        </childnode>
        <childnode refid="14" relation="include">
        </childnode>
        <childnode refid="15" relation="include">
        </childnode>
        <childnode refid="16" relation="include">
        </childnode>
        <childnode refid="17" relation="include">
        </childnode>
        <childnode refid="18" relation="include">
        </childnode>
      </node>
      <node id="3">
        <label>Entity.h</label>
        <link refid="Entity_8h_source"/>
        <childnode refid="4" relation="include">
        </childnode>
        <childnode refid="19" relation="include">
        </childnode>
      </node>
      <node id="1">
        <label>/home/roman/CLionProjects/ypprpo/gamelib/GameState.h</label>
        <link refid="GameState_8h"/>
        <childnode refid="2" relation="include">
        </childnode>
      </node>
      <node id="4">
        <label>MovementComponent.h</label>
        <link refid="MovementComponent_8h_source"/>
        <childnode refid="5" relation="include">
        </childnode>
        <childnode refid="6" relation="include">
        </childnode>
        <childnode refid="7" relation="include">
        </childnode>
        <childnode refid="8" relation="include">
        </childnode>
        <childnode refid="9" relation="include">
        </childnode>
        <childnode refid="10" relation="include">
        </childnode>
        <childnode refid="11" relation="include">
        </childnode>
        <childnode refid="12" relation="include">
        </childnode>
        <childnode refid="13" relation="include">
        </childnode>
        <childnode refid="14" relation="include">
        </childnode>
        <childnode refid="15" relation="include">
        </childnode>
        <childnode refid="16" relation="include">
        </childnode>
        <childnode refid="17" relation="include">
        </childnode>
        <childnode refid="18" relation="include">
        </childnode>
      </node>
      <node id="21">
        <label>Player.h</label>
        <link refid="Player_8h_source"/>
        <childnode refid="3" relation="include">
        </childnode>
      </node>
      <node id="2">
        <label>State.h</label>
        <link refid="State_8h_source"/>
        <childnode refid="3" relation="include">
        </childnode>
        <childnode refid="21" relation="include">
        </childnode>
      </node>
      <node id="17">
        <label>SFML/Audio.hpp</label>
      </node>
      <node id="14">
        <label>SFML/Graphics.hpp</label>
      </node>
      <node id="18">
        <label>SFML/Network.hpp</label>
      </node>
      <node id="16">
        <label>SFML/System.hpp</label>
      </node>
      <node id="15">
        <label>SFML/Window.hpp</label>
      </node>
      <node id="9">
        <label>cmath</label>
      </node>
      <node id="8">
        <label>cstdlib</label>
      </node>
      <node id="7">
        <label>ctime</label>
      </node>
      <node id="11">
        <label>fstream</label>
      </node>
      <node id="6">
        <label>iostream</label>
      </node>
      <node id="13">
        <label>map</label>
      </node>
      <node id="10">
        <label>sstream</label>
      </node>
      <node id="12">
        <label>stack</label>
      </node>
      <node id="20">
        <label>string</label>
      </node>
      <node id="5">
        <label>vector</label>
      </node>
    </incdepgraph>
    <invincdepgraph>
      <node id="3">
        <label>/home/roman/CLionProjects/ypprpo/gamelib/Game.h</label>
        <link refid="Game_8h_source"/>
      </node>
      <node id="1">
        <label>/home/roman/CLionProjects/ypprpo/gamelib/GameState.h</label>
        <link refid="GameState_8h"/>
        <childnode refid="2" relation="include">
        </childnode>
      </node>
      <node id="2">
        <label>/home/roman/CLionProjects/ypprpo/gamelib/MainMenuState.h</label>
        <link refid="MainMenuState_8h_source"/>
        <childnode refid="3" relation="include">
        </childnode>
      </node>
    </invincdepgraph>
    <innerclass refid="classGameState" prot="public">GameState</innerclass>
    <briefdescription>
    </briefdescription>
    <detaileddescription>
    </detaileddescription>
    <programlisting>
<codeline lineno="1"><highlight class="comment">//</highlight><highlight class="normal"></highlight></codeline>
<codeline lineno="2"><highlight class="normal"></highlight><highlight class="comment">//<sp/>Created<sp/>by<sp/>roman<sp/>on<sp/>5/2/22.</highlight><highlight class="normal"></highlight></codeline>
<codeline lineno="3"><highlight class="normal"></highlight><highlight class="comment">//</highlight><highlight class="normal"></highlight></codeline>
<codeline lineno="4"><highlight class="normal"></highlight></codeline>
<codeline lineno="5"><highlight class="normal"></highlight><highlight class="preprocessor">#ifndef<sp/>YPPRPO_GAMESTATE_H</highlight><highlight class="normal"></highlight></codeline>
<codeline lineno="6"><highlight class="normal"></highlight><highlight class="preprocessor">#define<sp/>YPPRPO_GAMESTATE_H</highlight><highlight class="normal"></highlight></codeline>
<codeline lineno="7"><highlight class="normal"></highlight></codeline>
<codeline lineno="8"><highlight class="normal"></highlight><highlight class="preprocessor">#include<sp/>&quot;State.h&quot;</highlight><highlight class="normal"></highlight></codeline>
<codeline lineno="9"><highlight class="normal"></highlight></codeline>
<codeline lineno="10"><highlight class="normal"></highlight></codeline>
<codeline lineno="11" refid="classGameState" refkind="compound"><highlight class="normal"></highlight><highlight class="keyword">class<sp/></highlight><highlight class="normal"><ref refid="classGameState" kindref="compound">GameState</ref><sp/>:</highlight></codeline>
<codeline lineno="12"><highlight class="normal"><sp/><sp/><sp/><sp/></highlight><highlight class="keyword">public</highlight><highlight class="normal"><sp/><ref refid="classState" kindref="compound">State</ref></highlight></codeline>
<codeline lineno="13"><highlight class="normal">{</highlight></codeline>
<codeline lineno="14"><highlight class="normal"></highlight><highlight class="keyword">private</highlight><highlight class="normal">:</highlight></codeline>
<codeline lineno="15"><highlight class="normal"><sp/><sp/><sp/><sp/><ref refid="classPlayer" kindref="compound">Player</ref>*<sp/>player;</highlight></codeline>
<codeline lineno="16"><highlight class="normal"></highlight></codeline>
<codeline lineno="17"><highlight class="normal"><sp/><sp/><sp/><sp/></highlight><highlight class="comment">//Functions</highlight><highlight class="normal"></highlight></codeline>
<codeline lineno="18"><highlight class="normal"><sp/><sp/><sp/><sp/></highlight><highlight class="keywordtype">void</highlight><highlight class="normal"><sp/>initKeybinds();</highlight></codeline>
<codeline lineno="19"><highlight class="normal"><sp/><sp/><sp/><sp/></highlight><highlight class="keywordtype">void</highlight><highlight class="normal"><sp/>initTextures();</highlight></codeline>
<codeline lineno="20"><highlight class="normal"><sp/><sp/><sp/><sp/></highlight><highlight class="keywordtype">void</highlight><highlight class="normal"><sp/>initPlayers();</highlight></codeline>
<codeline lineno="21"><highlight class="normal"></highlight><highlight class="keyword">public</highlight><highlight class="normal">:</highlight></codeline>
<codeline lineno="22"><highlight class="normal"><sp/><sp/><sp/><sp/><ref refid="classGameState" kindref="compound">GameState</ref>(sf::RenderWindow*<sp/>window,<sp/>std::map&lt;std::string,<sp/>int&gt;*<sp/>supportedKeys,<sp/>std::stack&lt;State*&gt;*<sp/>states);</highlight></codeline>
<codeline lineno="23"><highlight class="normal"><sp/><sp/><sp/><sp/></highlight><highlight class="keyword">virtual</highlight><highlight class="normal"><sp/><ref refid="classGameState" kindref="compound">~GameState</ref>();</highlight></codeline>
<codeline lineno="24"><highlight class="normal"></highlight></codeline>
<codeline lineno="25"><highlight class="normal"><sp/><sp/><sp/><sp/></highlight><highlight class="comment">//Functions</highlight><highlight class="normal"></highlight></codeline>
<codeline lineno="26"><highlight class="normal"><sp/><sp/><sp/><sp/></highlight><highlight class="keywordtype">void</highlight><highlight class="normal"><sp/>updateInput(</highlight><highlight class="keyword">const</highlight><highlight class="normal"><sp/></highlight><highlight class="keywordtype">float</highlight><highlight class="normal">&amp;<sp/>dt);</highlight></codeline>
<codeline lineno="27"><highlight class="normal"><sp/><sp/><sp/><sp/></highlight><highlight class="keywordtype">void</highlight><highlight class="normal"><sp/>update(</highlight><highlight class="keyword">const</highlight><highlight class="normal"><sp/></highlight><highlight class="keywordtype">float</highlight><highlight class="normal">&amp;<sp/>dt);</highlight></codeline>
<codeline lineno="28"><highlight class="normal"><sp/><sp/><sp/><sp/></highlight><highlight class="keywordtype">void</highlight><highlight class="normal"><sp/>render(sf::RenderTarget*<sp/>target<sp/>=<sp/></highlight><highlight class="keyword">nullptr</highlight><highlight class="normal">);</highlight></codeline>
<codeline lineno="29"><highlight class="normal">};</highlight></codeline>
<codeline lineno="30"><highlight class="normal"></highlight></codeline>
<codeline lineno="31"><highlight class="normal"></highlight></codeline>
<codeline lineno="32"><highlight class="normal"></highlight><highlight class="preprocessor">#endif<sp/></highlight><highlight class="comment">//YPPRPO_GAMESTATE_H</highlight><highlight class="normal"></highlight></codeline>
    </programlisting>
    <location file="/home/roman/CLionProjects/ypprpo/gamelib/GameState.h"/>
  </compounddef>
</doxygen>
