<?xml version='1.0' encoding='UTF-8' standalone='no'?>
<doxygen xmlns:xsi="http://www.w3.org/2001/XMLSchema-instance" xsi:noNamespaceSchemaLocation="compound.xsd" version="1.9.5" xml:lang="en-US">
  <compounddef id="main_8cpp" kind="file" language="C++">
    <compoundname>main.cpp</compoundname>
    <includes local="no">SFML/Graphics.hpp</includes>
    <includes local="no">SFML/Window.hpp</includes>
    <includes local="yes">catch2/catch_test_macros.hpp</includes>
    <includes local="no">iostream</includes>
    <includes local="no">sstream</includes>
    <includes refid="Game_8h" local="yes">Game.h</includes>
    <includes local="yes">catch2/catch_session.hpp</includes>
    <incdepgraph>
      <node id="23">
        <label>AnimationComponent.h</label>
        <link refid="AnimationComponent_8h_source"/>
        <childnode refid="5" relation="include">
        </childnode>
        <childnode refid="19" relation="include">
        </childnode>
        <childnode refid="24" relation="include">
        </childnode>
        <childnode refid="2" relation="include">
        </childnode>
        <childnode refid="3" relation="include">
        </childnode>
        <childnode refid="20" relation="include">
        </childnode>
        <childnode refid="21" relation="include">
        </childnode>
        <childnode refid="22" relation="include">
        </childnode>
      </node>
      <node id="26">
        <label>Button.h</label>
        <link refid="Button_8h_source"/>
        <childnode refid="5" relation="include">
        </childnode>
        <childnode refid="14" relation="include">
        </childnode>
        <childnode refid="15" relation="include">
        </childnode>
        <childnode refid="6" relation="include">
        </childnode>
        <childnode refid="2" relation="include">
        </childnode>
        <childnode refid="3" relation="include">
        </childnode>
        <childnode refid="20" relation="include">
        </childnode>
        <childnode refid="21" relation="include">
        </childnode>
      </node>
      <node id="11">
        <label>Entity.h</label>
        <link refid="Entity_8h_source"/>
        <childnode refid="12" relation="include">
        </childnode>
        <childnode refid="23" relation="include">
        </childnode>
      </node>
      <node id="7">
        <label>Game.h</label>
        <link refid="Game_8h_source"/>
        <childnode refid="8" relation="include">
        </childnode>
      </node>
      <node id="9">
        <label>GameState.h</label>
        <link refid="GameState_8h_source"/>
        <childnode refid="10" relation="include">
        </childnode>
      </node>
      <node id="8">
        <label>MainMenuState.h</label>
        <link refid="MainMenuState_8h_source"/>
        <childnode refid="9" relation="include">
        </childnode>
        <childnode refid="26" relation="include">
        </childnode>
      </node>
      <node id="12">
        <label>MovementComponent.h</label>
        <link refid="MovementComponent_8h_source"/>
        <childnode refid="13" relation="include">
        </childnode>
        <childnode refid="5" relation="include">
        </childnode>
        <childnode refid="14" relation="include">
        </childnode>
        <childnode refid="15" relation="include">
        </childnode>
        <childnode refid="16" relation="include">
        </childnode>
        <childnode refid="6" relation="include">
        </childnode>
        <childnode refid="17" relation="include">
        </childnode>
        <childnode refid="18" relation="include">
        </childnode>
        <childnode refid="19" relation="include">
        </childnode>
        <childnode refid="2" relation="include">
        </childnode>
        <childnode refid="3" relation="include">
        </childnode>
        <childnode refid="20" relation="include">
        </childnode>
        <childnode refid="21" relation="include">
        </childnode>
        <childnode refid="22" relation="include">
        </childnode>
      </node>
      <node id="25">
        <label>Player.h</label>
        <link refid="Player_8h_source"/>
        <childnode refid="11" relation="include">
        </childnode>
      </node>
      <node id="10">
        <label>State.h</label>
        <link refid="State_8h_source"/>
        <childnode refid="11" relation="include">
        </childnode>
        <childnode refid="25" relation="include">
        </childnode>
      </node>
      <node id="1">
        <label>/home/roman/CLionProjects/ypprpo/gamelib/main.cpp</label>
        <link refid="main_8cpp"/>
        <childnode refid="2" relation="include">
        </childnode>
        <childnode refid="3" relation="include">
        </childnode>
        <childnode refid="4" relation="include">
        </childnode>
        <childnode refid="5" relation="include">
        </childnode>
        <childnode refid="6" relation="include">
        </childnode>
        <childnode refid="7" relation="include">
        </childnode>
        <childnode refid="27" relation="include">
        </childnode>
      </node>
      <node id="21">
        <label>SFML/Audio.hpp</label>
      </node>
      <node id="2">
        <label>SFML/Graphics.hpp</label>
      </node>
      <node id="22">
        <label>SFML/Network.hpp</label>
      </node>
      <node id="20">
        <label>SFML/System.hpp</label>
      </node>
      <node id="3">
        <label>SFML/Window.hpp</label>
      </node>
      <node id="27">
        <label>catch2/catch_session.hpp</label>
      </node>
      <node id="4">
        <label>catch2/catch_test_macros.hpp</label>
      </node>
      <node id="16">
        <label>cmath</label>
      </node>
      <node id="15">
        <label>cstdlib</label>
      </node>
      <node id="14">
        <label>ctime</label>
      </node>
      <node id="17">
        <label>fstream</label>
      </node>
      <node id="5">
        <label>iostream</label>
      </node>
      <node id="19">
        <label>map</label>
      </node>
      <node id="6">
        <label>sstream</label>
      </node>
      <node id="18">
        <label>stack</label>
      </node>
      <node id="24">
        <label>string</label>
      </node>
      <node id="13">
        <label>vector</label>
      </node>
    </incdepgraph>
      <sectiondef kind="define">
      <memberdef kind="define" id="main_8cpp_1ab05eca98d01ed636747eac2ca23aa024" prot="public" static="no">
        <name>mapWidth</name>
        <initializer>24</initializer>
        <briefdescription>
        </briefdescription>
        <detaileddescription>
        </detaileddescription>
        <inbodydescription>
        </inbodydescription>
        <location file="/home/roman/CLionProjects/ypprpo/gamelib/main.cpp" line="10" column="9" bodyfile="/home/roman/CLionProjects/ypprpo/gamelib/main.cpp" bodystart="10" bodyend="-1"/>
      </memberdef>
      <memberdef kind="define" id="main_8cpp_1ae72d347c9b467768a5a970ff3a92c3fd" prot="public" static="no">
        <name>mapHeight</name>
        <initializer>24</initializer>
        <briefdescription>
        </briefdescription>
        <detaileddescription>
        </detaileddescription>
        <inbodydescription>
        </inbodydescription>
        <location file="/home/roman/CLionProjects/ypprpo/gamelib/main.cpp" line="11" column="9" bodyfile="/home/roman/CLionProjects/ypprpo/gamelib/main.cpp" bodystart="11" bodyend="-1"/>
      </memberdef>
      <memberdef kind="define" id="main_8cpp_1a47eacb894c1f11f294bf192b6f4763ed" prot="public" static="no">
        <name>MAP_CELL_SIZE</name>
        <initializer>16</initializer>
        <briefdescription>
        </briefdescription>
        <detaileddescription>
        </detaileddescription>
        <inbodydescription>
        </inbodydescription>
        <location file="/home/roman/CLionProjects/ypprpo/gamelib/main.cpp" line="12" column="9" bodyfile="/home/roman/CLionProjects/ypprpo/gamelib/main.cpp" bodystart="12" bodyend="-1"/>
      </memberdef>
      <memberdef kind="define" id="main_8cpp_1a34b4c3eca7342fbc4cba090d02139902" prot="public" static="no">
        <name>CATCH_CONFIG_RUNNER</name>
        <briefdescription>
        </briefdescription>
        <detaileddescription>
        </detaileddescription>
        <inbodydescription>
        </inbodydescription>
        <location file="/home/roman/CLionProjects/ypprpo/gamelib/main.cpp" line="14" column="9" bodyfile="/home/roman/CLionProjects/ypprpo/gamelib/main.cpp" bodystart="14" bodyend="-1"/>
      </memberdef>
      </sectiondef>
      <sectiondef kind="func">
      <memberdef kind="function" id="main_8cpp_1ae66f6b31b5ad750f1fe042a706a4e3d4" prot="public" static="no" const="no" explicit="no" inline="no" virt="non-virtual">
        <type>int</type>
        <definition>int main</definition>
        <argsstring>()</argsstring>
        <name>main</name>
        <briefdescription>
        </briefdescription>
        <detaileddescription>
        </detaileddescription>
        <inbodydescription>
        </inbodydescription>
        <location file="/home/roman/CLionProjects/ypprpo/gamelib/main.cpp" line="16" column="5" bodyfile="/home/roman/CLionProjects/ypprpo/gamelib/main.cpp" bodystart="16" bodyend="24"/>
      </memberdef>
      </sectiondef>
    <briefdescription>
    </briefdescription>
    <detaileddescription>
    </detaileddescription>
    <programlisting>
<codeline lineno="1"><highlight class="preprocessor">#include<sp/>&lt;SFML/Graphics.hpp&gt;</highlight><highlight class="normal"></highlight></codeline>
<codeline lineno="2"><highlight class="normal"></highlight><highlight class="preprocessor">#include<sp/>&lt;SFML/Window.hpp&gt;</highlight><highlight class="normal"></highlight></codeline>
<codeline lineno="3"><highlight class="normal"></highlight></codeline>
<codeline lineno="4"><highlight class="normal"></highlight><highlight class="preprocessor">#include<sp/>&quot;catch2/catch_test_macros.hpp&quot;</highlight><highlight class="normal"></highlight></codeline>
<codeline lineno="5"><highlight class="normal"></highlight><highlight class="preprocessor">#include<sp/>&lt;iostream&gt;</highlight><highlight class="normal"></highlight></codeline>
<codeline lineno="6"><highlight class="normal"></highlight><highlight class="preprocessor">#include<sp/>&lt;sstream&gt;</highlight><highlight class="normal"></highlight></codeline>
<codeline lineno="7"><highlight class="normal"></highlight><highlight class="preprocessor">#include<sp/>&quot;Game.h&quot;</highlight><highlight class="normal"></highlight></codeline>
<codeline lineno="8"><highlight class="normal"></highlight><highlight class="preprocessor">#include<sp/>&quot;catch2/catch_session.hpp&quot;</highlight><highlight class="normal"></highlight></codeline>
<codeline lineno="9"><highlight class="normal"></highlight></codeline>
<codeline lineno="10"><highlight class="normal"></highlight><highlight class="preprocessor">#define<sp/>mapWidth<sp/>24</highlight><highlight class="normal"></highlight></codeline>
<codeline lineno="11"><highlight class="normal"></highlight><highlight class="preprocessor">#define<sp/>mapHeight<sp/>24</highlight><highlight class="normal"></highlight></codeline>
<codeline lineno="12"><highlight class="normal"></highlight><highlight class="preprocessor">#define<sp/>MAP_CELL_SIZE<sp/>16</highlight><highlight class="normal"></highlight></codeline>
<codeline lineno="13"><highlight class="normal"></highlight></codeline>
<codeline lineno="14"><highlight class="normal"></highlight><highlight class="preprocessor">#define<sp/>CATCH_CONFIG_RUNNER</highlight><highlight class="normal"></highlight></codeline>
<codeline lineno="15"><highlight class="normal"></highlight></codeline>
<codeline lineno="16"><highlight class="normal"></highlight><highlight class="keywordtype">int</highlight><highlight class="normal"><sp/>main()<sp/></highlight><highlight class="comment">//const<sp/>int<sp/>argc,<sp/>const<sp/>char*<sp/>argv[]</highlight><highlight class="normal"></highlight></codeline>
<codeline lineno="17"><highlight class="normal">{</highlight></codeline>
<codeline lineno="18"><highlight class="normal"></highlight><highlight class="comment">//<sp/><sp/><sp/><sp/>Catch::Session().run(argc,<sp/>argv);</highlight><highlight class="normal"></highlight></codeline>
<codeline lineno="19"><highlight class="normal"></highlight></codeline>
<codeline lineno="20"><highlight class="normal"><sp/><sp/><sp/><sp/><ref refid="classGame" kindref="compound">Game</ref><sp/>game;</highlight></codeline>
<codeline lineno="21"><highlight class="normal"><sp/><sp/><sp/><sp/>game.<ref refid="classGame_1a1ab78f5ed0d5ea879157357cf2fb2afa" kindref="member">run</ref>();</highlight></codeline>
<codeline lineno="22"><highlight class="normal"></highlight></codeline>
<codeline lineno="23"><highlight class="normal"><sp/><sp/><sp/><sp/></highlight><highlight class="keywordflow">return</highlight><highlight class="normal"><sp/>0;</highlight></codeline>
<codeline lineno="24"><highlight class="normal">}</highlight></codeline>
    </programlisting>
    <location file="/home/roman/CLionProjects/ypprpo/gamelib/main.cpp"/>
  </compounddef>
</doxygen>
