<?xml version='1.0' encoding='UTF-8' standalone='no'?>
<doxygen xmlns:xsi="http://www.w3.org/2001/XMLSchema-instance" xsi:noNamespaceSchemaLocation="compound.xsd" version="1.9.5" xml:lang="en-US">
  <compounddef id="MovementComponent_8h" kind="file" language="C++">
    <compoundname>MovementComponent.h</compoundname>
    <includes local="no">vector</includes>
    <includes local="no">iostream</includes>
    <includes local="no">ctime</includes>
    <includes local="no">cstdlib</includes>
    <includes local="no">cmath</includes>
    <includes local="no">sstream</includes>
    <includes local="no">fstream</includes>
    <includes local="no">stack</includes>
    <includes local="no">map</includes>
    <includes local="no">SFML/Graphics.hpp</includes>
    <includes local="no">SFML/Window.hpp</includes>
    <includes local="no">SFML/System.hpp</includes>
    <includes local="no">SFML/Audio.hpp</includes>
    <includes local="no">SFML/Network.hpp</includes>
    <includedby refid="Entity_8h" local="yes">/home/roman/CLionProjects/ypprpo/gamelib/Entity.h</includedby>
    <includedby refid="MovementComponent_8cpp" local="yes">/home/roman/CLionProjects/ypprpo/gamelib/MovementComponent.cpp</includedby>
    <incdepgraph>
      <node id="1">
        <label>/home/roman/CLionProjects/ypprpo/gamelib/MovementComponent.h</label>
        <link refid="MovementComponent_8h"/>
        <childnode refid="2" relation="include">
        </childnode>
        <childnode refid="3" relation="include">
        </childnode>
        <childnode refid="4" relation="include">
        </childnode>
        <childnode refid="5" relation="include">
        </childnode>
        <childnode refid="6" relation="include">
        </childnode>
        <childnode refid="7" relation="include">
        </childnode>
        <childnode refid="8" relation="include">
        </childnode>
        <childnode refid="9" relation="include">
        </childnode>
        <childnode refid="10" relation="include">
        </childnode>
        <childnode refid="11" relation="include">
        </childnode>
        <childnode refid="12" relation="include">
        </childnode>
        <childnode refid="13" relation="include">
        </childnode>
        <childnode refid="14" relation="include">
        </childnode>
        <childnode refid="15" relation="include">
        </childnode>
      </node>
      <node id="14">
        <label>SFML/Audio.hpp</label>
      </node>
      <node id="11">
        <label>SFML/Graphics.hpp</label>
      </node>
      <node id="15">
        <label>SFML/Network.hpp</label>
      </node>
      <node id="13">
        <label>SFML/System.hpp</label>
      </node>
      <node id="12">
        <label>SFML/Window.hpp</label>
      </node>
      <node id="6">
        <label>cmath</label>
      </node>
      <node id="5">
        <label>cstdlib</label>
      </node>
      <node id="4">
        <label>ctime</label>
      </node>
      <node id="8">
        <label>fstream</label>
      </node>
      <node id="3">
        <label>iostream</label>
      </node>
      <node id="10">
        <label>map</label>
      </node>
      <node id="7">
        <label>sstream</label>
      </node>
      <node id="9">
        <label>stack</label>
      </node>
      <node id="2">
        <label>vector</label>
      </node>
    </incdepgraph>
    <invincdepgraph>
      <node id="2">
        <label>/home/roman/CLionProjects/ypprpo/gamelib/Entity.h</label>
        <link refid="Entity_8h_source"/>
        <childnode refid="3" relation="include">
        </childnode>
        <childnode refid="4" relation="include">
        </childnode>
      </node>
      <node id="7">
        <label>/home/roman/CLionProjects/ypprpo/gamelib/Game.h</label>
        <link refid="Game_8h_source"/>
      </node>
      <node id="5">
        <label>/home/roman/CLionProjects/ypprpo/gamelib/GameState.h</label>
        <link refid="GameState_8h_source"/>
        <childnode refid="6" relation="include">
        </childnode>
      </node>
      <node id="6">
        <label>/home/roman/CLionProjects/ypprpo/gamelib/MainMenuState.h</label>
        <link refid="MainMenuState_8h_source"/>
        <childnode refid="7" relation="include">
        </childnode>
      </node>
      <node id="1">
        <label>/home/roman/CLionProjects/ypprpo/gamelib/MovementComponent.h</label>
        <link refid="MovementComponent_8h"/>
        <childnode refid="2" relation="include">
        </childnode>
      </node>
      <node id="3">
        <label>/home/roman/CLionProjects/ypprpo/gamelib/Player.h</label>
        <link refid="Player_8h_source"/>
        <childnode refid="4" relation="include">
        </childnode>
      </node>
      <node id="4">
        <label>/home/roman/CLionProjects/ypprpo/gamelib/State.h</label>
        <link refid="State_8h_source"/>
        <childnode refid="5" relation="include">
        </childnode>
      </node>
    </invincdepgraph>
    <innerclass refid="classMovementComponent" prot="public">MovementComponent</innerclass>
      <sectiondef kind="enum">
      <memberdef kind="enum" id="MovementComponent_8h_1a4ab8841dc3be7e29bd4704ed45b6a0e4" prot="public" static="no" strong="no">
        <type></type>
        <name>movement_states</name>
        <enumvalue id="MovementComponent_8h_1a4ab8841dc3be7e29bd4704ed45b6a0e4afd6a0e4343048b10646dd2976cc5ad18" prot="public">
          <name>IDLE</name>
          <initializer>= 0</initializer>
          <briefdescription>
          </briefdescription>
          <detaileddescription>
          </detaileddescription>
        </enumvalue>
        <enumvalue id="MovementComponent_8h_1a4ab8841dc3be7e29bd4704ed45b6a0e4a16ebdcb23eb5337fd5bc598fa8d6035d" prot="public">
          <name>MOVING</name>
          <briefdescription>
          </briefdescription>
          <detaileddescription>
          </detaileddescription>
        </enumvalue>
        <enumvalue id="MovementComponent_8h_1a4ab8841dc3be7e29bd4704ed45b6a0e4af2d17378db8b161d333e0dd8e88ebad9" prot="public">
          <name>MOVING_LEFT</name>
          <briefdescription>
          </briefdescription>
          <detaileddescription>
          </detaileddescription>
        </enumvalue>
        <enumvalue id="MovementComponent_8h_1a4ab8841dc3be7e29bd4704ed45b6a0e4af618166e0dfa62dd63fc0d9f677ca871" prot="public">
          <name>MOVING_RIGHT</name>
          <briefdescription>
          </briefdescription>
          <detaileddescription>
          </detaileddescription>
        </enumvalue>
        <enumvalue id="MovementComponent_8h_1a4ab8841dc3be7e29bd4704ed45b6a0e4ad0d69c60b9d20b96b089b680f8d7566d" prot="public">
          <name>MOVING_UP</name>
          <briefdescription>
          </briefdescription>
          <detaileddescription>
          </detaileddescription>
        </enumvalue>
        <enumvalue id="MovementComponent_8h_1a4ab8841dc3be7e29bd4704ed45b6a0e4aa9afce301988e16292cfcae76a57d9a8" prot="public">
          <name>MOVING_DOWN</name>
          <briefdescription>
          </briefdescription>
          <detaileddescription>
          </detaileddescription>
        </enumvalue>
        <briefdescription>
        </briefdescription>
        <detaileddescription>
        </detaileddescription>
        <inbodydescription>
        </inbodydescription>
        <location file="/home/roman/CLionProjects/ypprpo/gamelib/MovementComponent.h" line="28" column="1" bodyfile="/home/roman/CLionProjects/ypprpo/gamelib/MovementComponent.h" bodystart="28" bodyend="28"/>
      </memberdef>
      </sectiondef>
    <briefdescription>
    </briefdescription>
    <detaileddescription>
    </detaileddescription>
    <programlisting>
<codeline lineno="1"><highlight class="comment">//</highlight><highlight class="normal"></highlight></codeline>
<codeline lineno="2"><highlight class="normal"></highlight><highlight class="comment">//<sp/>Created<sp/>by<sp/>roman<sp/>on<sp/>6/20/22.</highlight><highlight class="normal"></highlight></codeline>
<codeline lineno="3"><highlight class="normal"></highlight><highlight class="comment">//</highlight><highlight class="normal"></highlight></codeline>
<codeline lineno="4"><highlight class="normal"></highlight></codeline>
<codeline lineno="5"><highlight class="normal"></highlight><highlight class="preprocessor">#ifndef<sp/>YPPRPO_MOVEMENTCOMPONENT_H</highlight><highlight class="normal"></highlight></codeline>
<codeline lineno="6"><highlight class="normal"></highlight><highlight class="preprocessor">#define<sp/>YPPRPO_MOVEMENTCOMPONENT_H</highlight><highlight class="normal"></highlight></codeline>
<codeline lineno="7"><highlight class="normal"></highlight></codeline>
<codeline lineno="8"><highlight class="normal"></highlight><highlight class="preprocessor">#include<sp/>&lt;vector&gt;</highlight><highlight class="normal"></highlight></codeline>
<codeline lineno="9"><highlight class="normal"></highlight><highlight class="preprocessor">#include<sp/>&lt;iostream&gt;</highlight><highlight class="normal"></highlight></codeline>
<codeline lineno="10"><highlight class="normal"></highlight><highlight class="preprocessor">#include<sp/>&lt;ctime&gt;</highlight><highlight class="normal"></highlight></codeline>
<codeline lineno="11"><highlight class="normal"></highlight><highlight class="preprocessor">#include<sp/>&lt;cstdlib&gt;</highlight><highlight class="normal"></highlight></codeline>
<codeline lineno="12"><highlight class="normal"></highlight><highlight class="preprocessor">#include<sp/>&lt;cmath&gt;</highlight><highlight class="normal"></highlight></codeline>
<codeline lineno="13"><highlight class="normal"></highlight><highlight class="preprocessor">#include<sp/>&lt;sstream&gt;</highlight><highlight class="normal"></highlight></codeline>
<codeline lineno="14"><highlight class="normal"></highlight><highlight class="preprocessor">#include<sp/>&lt;fstream&gt;</highlight><highlight class="normal"></highlight></codeline>
<codeline lineno="15"><highlight class="normal"></highlight><highlight class="preprocessor">#include<sp/>&lt;stack&gt;</highlight><highlight class="normal"></highlight></codeline>
<codeline lineno="16"><highlight class="normal"></highlight><highlight class="preprocessor">#include<sp/>&lt;map&gt;</highlight><highlight class="normal"></highlight></codeline>
<codeline lineno="17"><highlight class="normal"></highlight></codeline>
<codeline lineno="18"><highlight class="normal"></highlight><highlight class="preprocessor">#include<sp/>&lt;SFML/Graphics.hpp&gt;</highlight><highlight class="normal"></highlight></codeline>
<codeline lineno="19"><highlight class="normal"></highlight><highlight class="preprocessor">#include<sp/>&lt;SFML/Window.hpp&gt;</highlight><highlight class="normal"></highlight></codeline>
<codeline lineno="20"><highlight class="normal"></highlight><highlight class="preprocessor">#include<sp/>&lt;SFML/System.hpp&gt;</highlight><highlight class="normal"></highlight></codeline>
<codeline lineno="21"><highlight class="normal"></highlight><highlight class="preprocessor">#include<sp/>&lt;SFML/Audio.hpp&gt;</highlight><highlight class="normal"></highlight></codeline>
<codeline lineno="22"><highlight class="normal"></highlight><highlight class="preprocessor">#include<sp/>&lt;SFML/Network.hpp&gt;</highlight><highlight class="normal"></highlight></codeline>
<codeline lineno="23"><highlight class="normal"></highlight><highlight class="comment">//idea<sp/>is<sp/>to<sp/>create<sp/>a<sp/>movement<sp/>component</highlight><highlight class="normal"></highlight></codeline>
<codeline lineno="24"><highlight class="normal"></highlight><highlight class="comment">//add<sp/>it<sp/>to<sp/>an<sp/>entity</highlight><highlight class="normal"></highlight></codeline>
<codeline lineno="25"><highlight class="normal"></highlight><highlight class="comment">//check<sp/>if<sp/>entity<sp/>has<sp/>its<sp/>component,</highlight><highlight class="normal"></highlight></codeline>
<codeline lineno="26"><highlight class="normal"></highlight><highlight class="comment">//and<sp/>then<sp/>we&apos;ll<sp/>be<sp/>able<sp/>to<sp/>move<sp/>this<sp/>player</highlight><highlight class="normal"></highlight></codeline>
<codeline lineno="27"><highlight class="normal"></highlight></codeline>
<codeline lineno="28"><highlight class="normal"></highlight><highlight class="keyword">enum</highlight><highlight class="normal"><sp/>movement_states<sp/>{IDLE<sp/>=<sp/>0,<sp/>MOVING,<sp/>MOVING_LEFT,<sp/>MOVING_RIGHT,<sp/>MOVING_UP,<sp/>MOVING_DOWN<sp/>};</highlight></codeline>
<codeline lineno="29"><highlight class="normal"></highlight></codeline>
<codeline lineno="30" refid="classMovementComponent" refkind="compound"><highlight class="normal"></highlight><highlight class="keyword">class<sp/></highlight><highlight class="normal"><ref refid="classMovementComponent" kindref="compound">MovementComponent</ref><sp/>{</highlight></codeline>
<codeline lineno="31"><highlight class="normal"></highlight><highlight class="keyword">private</highlight><highlight class="normal">:</highlight></codeline>
<codeline lineno="32"><highlight class="normal"><sp/><sp/><sp/><sp/>sf::Sprite&amp;<sp/>sprite;</highlight></codeline>
<codeline lineno="33"><highlight class="normal"><sp/><sp/><sp/><sp/></highlight><highlight class="keywordtype">float</highlight><highlight class="normal"><sp/>maxVelocity;</highlight></codeline>
<codeline lineno="34"><highlight class="normal"><sp/><sp/><sp/><sp/></highlight><highlight class="keywordtype">float</highlight><highlight class="normal"><sp/>acceleration;</highlight></codeline>
<codeline lineno="35"><highlight class="normal"><sp/><sp/><sp/><sp/></highlight><highlight class="keywordtype">float</highlight><highlight class="normal"><sp/>deceleration;</highlight></codeline>
<codeline lineno="36"><highlight class="normal"></highlight></codeline>
<codeline lineno="37"><highlight class="normal"><sp/><sp/><sp/><sp/>sf::Vector2f<sp/>velocity;</highlight></codeline>
<codeline lineno="38"><highlight class="normal"></highlight></codeline>
<codeline lineno="39"><highlight class="normal"><sp/><sp/><sp/><sp/></highlight><highlight class="comment">//Initializer<sp/>functions</highlight><highlight class="normal"></highlight></codeline>
<codeline lineno="40"><highlight class="normal"></highlight></codeline>
<codeline lineno="41"><highlight class="normal"></highlight><highlight class="keyword">public</highlight><highlight class="normal">:</highlight></codeline>
<codeline lineno="42"><highlight class="normal"><sp/><sp/><sp/><sp/><ref refid="classMovementComponent" kindref="compound">MovementComponent</ref>(sf::Sprite&amp;<sp/>sprite,</highlight></codeline>
<codeline lineno="43"><highlight class="normal"><sp/><sp/><sp/><sp/><sp/><sp/><sp/><sp/><sp/><sp/><sp/><sp/><sp/><sp/><sp/><sp/><sp/><sp/><sp/><sp/><sp/><sp/></highlight><highlight class="keywordtype">float</highlight><highlight class="normal"><sp/>maxVelocity,<sp/></highlight><highlight class="keywordtype">float</highlight><highlight class="normal"><sp/>acceleration,<sp/></highlight><highlight class="keywordtype">float</highlight><highlight class="normal"><sp/>deceleration);</highlight></codeline>
<codeline lineno="44"><highlight class="normal"><sp/><sp/><sp/><sp/></highlight><highlight class="keyword">virtual</highlight><highlight class="normal"><sp/><ref refid="classMovementComponent" kindref="compound">~MovementComponent</ref>();</highlight></codeline>
<codeline lineno="45"><highlight class="normal"></highlight></codeline>
<codeline lineno="46"><highlight class="normal"><sp/><sp/><sp/><sp/></highlight><highlight class="comment">//Accessors</highlight><highlight class="normal"></highlight></codeline>
<codeline lineno="47"><highlight class="normal"><sp/><sp/><sp/><sp/></highlight><highlight class="keyword">const</highlight><highlight class="normal"><sp/>sf::Vector2f&amp;<sp/>getVelocity()<sp/></highlight><highlight class="keyword">const</highlight><highlight class="normal">;</highlight></codeline>
<codeline lineno="48"><highlight class="normal"></highlight></codeline>
<codeline lineno="49"><highlight class="normal"><sp/><sp/><sp/><sp/></highlight><highlight class="comment">//Functions</highlight><highlight class="normal"></highlight></codeline>
<codeline lineno="50"><highlight class="normal"><sp/><sp/><sp/><sp/></highlight><highlight class="keyword">const</highlight><highlight class="normal"><sp/></highlight><highlight class="keywordtype">bool</highlight><highlight class="normal"><sp/>getState(</highlight><highlight class="keyword">const</highlight><highlight class="normal"><sp/></highlight><highlight class="keywordtype">short</highlight><highlight class="normal"><sp/></highlight><highlight class="keywordtype">unsigned</highlight><highlight class="normal"><sp/>state)<sp/></highlight><highlight class="keyword">const</highlight><highlight class="normal">;</highlight></codeline>
<codeline lineno="51"><highlight class="normal"><sp/><sp/><sp/><sp/></highlight><highlight class="keyword">const</highlight><highlight class="normal"><sp/></highlight><highlight class="keywordtype">bool</highlight><highlight class="normal"><sp/>idle()<sp/></highlight><highlight class="keyword">const</highlight><highlight class="normal">;</highlight></codeline>
<codeline lineno="52"><highlight class="normal"><sp/><sp/><sp/><sp/></highlight><highlight class="keyword">const</highlight><highlight class="normal"><sp/></highlight><highlight class="keywordtype">bool</highlight><highlight class="normal"><sp/>moving()<sp/></highlight><highlight class="keyword">const</highlight><highlight class="normal">;</highlight></codeline>
<codeline lineno="53"><highlight class="normal"><sp/><sp/><sp/><sp/></highlight><highlight class="keyword">const</highlight><highlight class="normal"><sp/></highlight><highlight class="keywordtype">bool</highlight><highlight class="normal"><sp/>movingLeft()<sp/></highlight><highlight class="keyword">const</highlight><highlight class="normal">;</highlight></codeline>
<codeline lineno="54"><highlight class="normal"><sp/><sp/><sp/><sp/></highlight><highlight class="keyword">const</highlight><highlight class="normal"><sp/></highlight><highlight class="keywordtype">bool</highlight><highlight class="normal"><sp/>movingRight()<sp/></highlight><highlight class="keyword">const</highlight><highlight class="normal">;</highlight></codeline>
<codeline lineno="55"><highlight class="normal"></highlight></codeline>
<codeline lineno="56"><highlight class="normal"><sp/><sp/><sp/><sp/></highlight><highlight class="keywordtype">void</highlight><highlight class="normal"><sp/>move(</highlight><highlight class="keyword">const</highlight><highlight class="normal"><sp/></highlight><highlight class="keywordtype">float</highlight><highlight class="normal"><sp/>x,<sp/></highlight><highlight class="keyword">const</highlight><highlight class="normal"><sp/></highlight><highlight class="keywordtype">float</highlight><highlight class="normal"><sp/>y,<sp/></highlight><highlight class="keyword">const</highlight><highlight class="normal"><sp/></highlight><highlight class="keywordtype">float</highlight><highlight class="normal">&amp;<sp/>dt);</highlight></codeline>
<codeline lineno="57"><highlight class="normal"><sp/><sp/><sp/><sp/></highlight><highlight class="keywordtype">void</highlight><highlight class="normal"><sp/>update(</highlight><highlight class="keyword">const</highlight><highlight class="normal"><sp/></highlight><highlight class="keywordtype">float</highlight><highlight class="normal">&amp;<sp/>dt);</highlight></codeline>
<codeline lineno="58"><highlight class="normal">};</highlight></codeline>
<codeline lineno="59"><highlight class="normal"></highlight></codeline>
<codeline lineno="60"><highlight class="normal"></highlight></codeline>
<codeline lineno="61"><highlight class="normal"></highlight><highlight class="preprocessor">#endif</highlight></codeline>
    </programlisting>
    <location file="/home/roman/CLionProjects/ypprpo/gamelib/MovementComponent.h"/>
  </compounddef>
</doxygen>
