<?xml version='1.0' encoding='UTF-8' standalone='no'?>
<doxygen xmlns:xsi="http://www.w3.org/2001/XMLSchema-instance" xsi:noNamespaceSchemaLocation="compound.xsd" version="1.9.5" xml:lang="en-US">
  <compounddef id="State_8h" kind="file" language="C++">
    <compoundname>State.h</compoundname>
    <includes refid="Entity_8h" local="yes">Entity.h</includes>
    <includes refid="Player_8h" local="yes">Player.h</includes>
    <includedby refid="GameState_8h" local="yes">/home/roman/CLionProjects/ypprpo/gamelib/GameState.h</includedby>
    <includedby refid="State_8cpp" local="yes">/home/roman/CLionProjects/ypprpo/gamelib/State.cpp</includedby>
    <incdepgraph>
      <node id="18">
        <label>AnimationComponent.h</label>
        <link refid="AnimationComponent_8h_source"/>
        <childnode refid="5" relation="include">
        </childnode>
        <childnode refid="12" relation="include">
        </childnode>
        <childnode refid="19" relation="include">
        </childnode>
        <childnode refid="13" relation="include">
        </childnode>
        <childnode refid="14" relation="include">
        </childnode>
        <childnode refid="15" relation="include">
        </childnode>
        <childnode refid="16" relation="include">
        </childnode>
        <childnode refid="17" relation="include">
        </childnode>
      </node>
      <node id="2">
        <label>Entity.h</label>
        <link refid="Entity_8h_source"/>
        <childnode refid="3" relation="include">
        </childnode>
        <childnode refid="18" relation="include">
        </childnode>
      </node>
      <node id="3">
        <label>MovementComponent.h</label>
        <link refid="MovementComponent_8h_source"/>
        <childnode refid="4" relation="include">
        </childnode>
        <childnode refid="5" relation="include">
        </childnode>
        <childnode refid="6" relation="include">
        </childnode>
        <childnode refid="7" relation="include">
        </childnode>
        <childnode refid="8" relation="include">
        </childnode>
        <childnode refid="9" relation="include">
        </childnode>
        <childnode refid="10" relation="include">
        </childnode>
        <childnode refid="11" relation="include">
        </childnode>
        <childnode refid="12" relation="include">
        </childnode>
        <childnode refid="13" relation="include">
        </childnode>
        <childnode refid="14" relation="include">
        </childnode>
        <childnode refid="15" relation="include">
        </childnode>
        <childnode refid="16" relation="include">
        </childnode>
        <childnode refid="17" relation="include">
        </childnode>
      </node>
      <node id="20">
        <label>Player.h</label>
        <link refid="Player_8h_source"/>
        <childnode refid="2" relation="include">
        </childnode>
      </node>
      <node id="1">
        <label>/home/roman/CLionProjects/ypprpo/gamelib/State.h</label>
        <link refid="State_8h"/>
        <childnode refid="2" relation="include">
        </childnode>
        <childnode refid="20" relation="include">
        </childnode>
      </node>
      <node id="16">
        <label>SFML/Audio.hpp</label>
      </node>
      <node id="13">
        <label>SFML/Graphics.hpp</label>
      </node>
      <node id="17">
        <label>SFML/Network.hpp</label>
      </node>
      <node id="15">
        <label>SFML/System.hpp</label>
      </node>
      <node id="14">
        <label>SFML/Window.hpp</label>
      </node>
      <node id="8">
        <label>cmath</label>
      </node>
      <node id="7">
        <label>cstdlib</label>
      </node>
      <node id="6">
        <label>ctime</label>
      </node>
      <node id="10">
        <label>fstream</label>
      </node>
      <node id="5">
        <label>iostream</label>
      </node>
      <node id="12">
        <label>map</label>
      </node>
      <node id="9">
        <label>sstream</label>
      </node>
      <node id="11">
        <label>stack</label>
      </node>
      <node id="19">
        <label>string</label>
      </node>
      <node id="4">
        <label>vector</label>
      </node>
    </incdepgraph>
    <invincdepgraph>
      <node id="4">
        <label>/home/roman/CLionProjects/ypprpo/gamelib/Game.h</label>
        <link refid="Game_8h_source"/>
      </node>
      <node id="2">
        <label>/home/roman/CLionProjects/ypprpo/gamelib/GameState.h</label>
        <link refid="GameState_8h_source"/>
        <childnode refid="3" relation="include">
        </childnode>
      </node>
      <node id="3">
        <label>/home/roman/CLionProjects/ypprpo/gamelib/MainMenuState.h</label>
        <link refid="MainMenuState_8h_source"/>
        <childnode refid="4" relation="include">
        </childnode>
      </node>
      <node id="1">
        <label>/home/roman/CLionProjects/ypprpo/gamelib/State.h</label>
        <link refid="State_8h"/>
        <childnode refid="2" relation="include">
        </childnode>
      </node>
    </invincdepgraph>
    <innerclass refid="classState" prot="public">State</innerclass>
    <briefdescription>
    </briefdescription>
    <detaileddescription>
    </detaileddescription>
    <programlisting>
<codeline lineno="1"><highlight class="comment">//</highlight><highlight class="normal"></highlight></codeline>
<codeline lineno="2"><highlight class="normal"></highlight><highlight class="comment">//<sp/>Created<sp/>by<sp/>roman<sp/>on<sp/>4/29/22.</highlight><highlight class="normal"></highlight></codeline>
<codeline lineno="3"><highlight class="normal"></highlight><highlight class="comment">//</highlight><highlight class="normal"></highlight></codeline>
<codeline lineno="4"><highlight class="normal"></highlight></codeline>
<codeline lineno="5"><highlight class="normal"></highlight><highlight class="preprocessor">#ifndef<sp/>YPPRPO_STATE_H</highlight><highlight class="normal"></highlight></codeline>
<codeline lineno="6"><highlight class="normal"></highlight><highlight class="preprocessor">#define<sp/>YPPRPO_STATE_H</highlight><highlight class="normal"></highlight></codeline>
<codeline lineno="7"><highlight class="normal"></highlight></codeline>
<codeline lineno="8"><highlight class="normal"></highlight><highlight class="preprocessor">#include<sp/>&quot;Entity.h&quot;</highlight><highlight class="normal"></highlight></codeline>
<codeline lineno="9"><highlight class="normal"></highlight><highlight class="preprocessor">#include<sp/>&quot;Player.h&quot;</highlight><highlight class="normal"></highlight></codeline>
<codeline lineno="10"><highlight class="normal"></highlight></codeline>
<codeline lineno="11"><highlight class="normal"></highlight></codeline>
<codeline lineno="12" refid="classState" refkind="compound"><highlight class="normal"></highlight><highlight class="keyword">class<sp/></highlight><highlight class="normal"><ref refid="classState" kindref="compound">State</ref><sp/>{</highlight></codeline>
<codeline lineno="13"><highlight class="normal"></highlight><highlight class="keyword">private</highlight><highlight class="normal">:</highlight></codeline>
<codeline lineno="14"><highlight class="normal"></highlight></codeline>
<codeline lineno="15"><highlight class="normal"></highlight><highlight class="keyword">protected</highlight><highlight class="normal">:</highlight></codeline>
<codeline lineno="16"><highlight class="normal"><sp/><sp/><sp/><sp/>std::stack&lt;State*&gt;*<sp/>states;<sp/></highlight><highlight class="comment">//<sp/>pointer<sp/>to<sp/>original<sp/>states<sp/>from<sp/>game</highlight><highlight class="normal"></highlight></codeline>
<codeline lineno="17"><highlight class="normal"><sp/><sp/><sp/><sp/>sf::RenderWindow*<sp/>window;</highlight></codeline>
<codeline lineno="18"><highlight class="normal"><sp/><sp/><sp/><sp/>std::map&lt;std::string,<sp/>int&gt;*<sp/>supportedKeys;</highlight></codeline>
<codeline lineno="19"><highlight class="normal"><sp/><sp/><sp/><sp/>std::map&lt;std::string,<sp/>int&gt;<sp/>keybinds;</highlight></codeline>
<codeline lineno="20"><highlight class="normal"><sp/><sp/><sp/><sp/></highlight><highlight class="keywordtype">bool</highlight><highlight class="normal"><sp/>quit;</highlight></codeline>
<codeline lineno="21"><highlight class="normal"></highlight></codeline>
<codeline lineno="22"><highlight class="normal"><sp/><sp/><sp/><sp/>sf::Vector2i<sp/>mousePosScreen;</highlight></codeline>
<codeline lineno="23"><highlight class="normal"><sp/><sp/><sp/><sp/>sf::Vector2i<sp/>mousePosWindow;</highlight></codeline>
<codeline lineno="24"><highlight class="normal"><sp/><sp/><sp/><sp/>sf::Vector2f<sp/>mousePosView;</highlight></codeline>
<codeline lineno="25"><highlight class="normal"></highlight></codeline>
<codeline lineno="26"><highlight class="normal"><sp/><sp/><sp/><sp/></highlight><highlight class="comment">//Resources</highlight><highlight class="normal"></highlight></codeline>
<codeline lineno="27"><highlight class="normal"><sp/><sp/><sp/><sp/>std::map&lt;std::string,<sp/>sf::Texture&gt;<sp/>textures;</highlight></codeline>
<codeline lineno="28"><highlight class="normal"></highlight></codeline>
<codeline lineno="29"><highlight class="normal"><sp/><sp/><sp/><sp/></highlight><highlight class="comment">//Functions</highlight><highlight class="normal"></highlight></codeline>
<codeline lineno="30"><highlight class="normal"><sp/><sp/><sp/><sp/></highlight><highlight class="keyword">virtual</highlight><highlight class="normal"><sp/></highlight><highlight class="keywordtype">void</highlight><highlight class="normal"><sp/>initKeybinds()<sp/>=<sp/>0;</highlight></codeline>
<codeline lineno="31"><highlight class="normal"></highlight></codeline>
<codeline lineno="32"><highlight class="normal"></highlight><highlight class="keyword">public</highlight><highlight class="normal">:</highlight></codeline>
<codeline lineno="33"><highlight class="normal"><sp/><sp/><sp/><sp/><ref refid="classState" kindref="compound">State</ref>(sf::RenderWindow*<sp/>window,<sp/>std::map&lt;std::string,<sp/>int&gt;*<sp/>supportedKeys,<sp/>std::stack&lt;State*&gt;*<sp/>states);</highlight></codeline>
<codeline lineno="34"><highlight class="normal"><sp/><sp/><sp/><sp/></highlight><highlight class="keyword">virtual</highlight><highlight class="normal"><sp/><ref refid="classState" kindref="compound">~State</ref>();</highlight></codeline>
<codeline lineno="35"><highlight class="normal"></highlight></codeline>
<codeline lineno="36"><highlight class="normal"><sp/><sp/><sp/><sp/></highlight><highlight class="keyword">const</highlight><highlight class="normal"><sp/></highlight><highlight class="keywordtype">bool</highlight><highlight class="normal">&amp;<sp/>getQuit()<sp/></highlight><highlight class="keyword">const</highlight><highlight class="normal">;</highlight></codeline>
<codeline lineno="37"><highlight class="normal"></highlight></codeline>
<codeline lineno="38"><highlight class="normal"><sp/><sp/><sp/><sp/></highlight><highlight class="keywordtype">void</highlight><highlight class="normal"><sp/>endState();</highlight></codeline>
<codeline lineno="39"><highlight class="normal"><sp/><sp/><sp/><sp/></highlight><highlight class="comment">//<sp/>pure<sp/>virtual,<sp/>you<sp/>can<sp/>not<sp/>create<sp/>objects<sp/>of<sp/>State</highlight><highlight class="normal"></highlight></codeline>
<codeline lineno="40"><highlight class="normal"></highlight></codeline>
<codeline lineno="41"><highlight class="normal"></highlight></codeline>
<codeline lineno="42"><highlight class="normal"><sp/><sp/><sp/><sp/></highlight><highlight class="keyword">virtual</highlight><highlight class="normal"><sp/></highlight><highlight class="keywordtype">void</highlight><highlight class="normal"><sp/>updateMousePositions();</highlight></codeline>
<codeline lineno="43"><highlight class="normal"><sp/><sp/><sp/><sp/></highlight><highlight class="keyword">virtual</highlight><highlight class="normal"><sp/></highlight><highlight class="keywordtype">void</highlight><highlight class="normal"><sp/>updateInput(</highlight><highlight class="keyword">const</highlight><highlight class="normal"><sp/></highlight><highlight class="keywordtype">float</highlight><highlight class="normal">&amp;<sp/>dt)<sp/>=<sp/>0;</highlight></codeline>
<codeline lineno="44"><highlight class="normal"><sp/><sp/><sp/><sp/></highlight><highlight class="keyword">virtual</highlight><highlight class="normal"><sp/></highlight><highlight class="keywordtype">void</highlight><highlight class="normal"><sp/>update(</highlight><highlight class="keyword">const</highlight><highlight class="normal"><sp/></highlight><highlight class="keywordtype">float</highlight><highlight class="normal">&amp;<sp/>dt)<sp/>=<sp/>0;</highlight></codeline>
<codeline lineno="45"><highlight class="normal"><sp/><sp/><sp/><sp/></highlight><highlight class="keyword">virtual</highlight><highlight class="normal"><sp/></highlight><highlight class="keywordtype">void</highlight><highlight class="normal"><sp/>render(sf::RenderTarget*<sp/>target<sp/>=<sp/></highlight><highlight class="keyword">nullptr</highlight><highlight class="normal">)<sp/>=<sp/>0;<sp/></highlight><highlight class="comment">//if<sp/>nothing<sp/>is<sp/>given<sp/>we<sp/>render<sp/>a<sp/>window,<sp/>also<sp/>can<sp/>send<sp/>specific<sp/>target</highlight><highlight class="normal"></highlight></codeline>
<codeline lineno="46"><highlight class="normal">};</highlight></codeline>
<codeline lineno="47"><highlight class="normal"></highlight></codeline>
<codeline lineno="48"><highlight class="normal"></highlight></codeline>
<codeline lineno="49"><highlight class="normal"></highlight><highlight class="preprocessor">#endif<sp/></highlight><highlight class="comment">//YPPRPO_STATE_H</highlight><highlight class="normal"></highlight></codeline>
    </programlisting>
    <location file="/home/roman/CLionProjects/ypprpo/gamelib/State.h"/>
  </compounddef>
</doxygen>
