<?xml version='1.0' encoding='UTF-8' standalone='no'?>
<doxygen xmlns:xsi="http://www.w3.org/2001/XMLSchema-instance" xsi:noNamespaceSchemaLocation="compound.xsd" version="1.9.5" xml:lang="en-US">
  <compounddef id="State_8cpp" kind="file" language="C++">
    <compoundname>State.cpp</compoundname>
    <includes refid="State_8h" local="yes">State.h</includes>
    <incdepgraph>
      <node id="19">
        <label>AnimationComponent.h</label>
        <link refid="AnimationComponent_8h_source"/>
        <childnode refid="6" relation="include">
        </childnode>
        <childnode refid="13" relation="include">
        </childnode>
        <childnode refid="20" relation="include">
        </childnode>
        <childnode refid="14" relation="include">
        </childnode>
        <childnode refid="15" relation="include">
        </childnode>
        <childnode refid="16" relation="include">
        </childnode>
        <childnode refid="17" relation="include">
        </childnode>
        <childnode refid="18" relation="include">
        </childnode>
      </node>
      <node id="3">
        <label>Entity.h</label>
        <link refid="Entity_8h_source"/>
        <childnode refid="4" relation="include">
        </childnode>
        <childnode refid="19" relation="include">
        </childnode>
      </node>
      <node id="4">
        <label>MovementComponent.h</label>
        <link refid="MovementComponent_8h_source"/>
        <childnode refid="5" relation="include">
        </childnode>
        <childnode refid="6" relation="include">
        </childnode>
        <childnode refid="7" relation="include">
        </childnode>
        <childnode refid="8" relation="include">
        </childnode>
        <childnode refid="9" relation="include">
        </childnode>
        <childnode refid="10" relation="include">
        </childnode>
        <childnode refid="11" relation="include">
        </childnode>
        <childnode refid="12" relation="include">
        </childnode>
        <childnode refid="13" relation="include">
        </childnode>
        <childnode refid="14" relation="include">
        </childnode>
        <childnode refid="15" relation="include">
        </childnode>
        <childnode refid="16" relation="include">
        </childnode>
        <childnode refid="17" relation="include">
        </childnode>
        <childnode refid="18" relation="include">
        </childnode>
      </node>
      <node id="21">
        <label>Player.h</label>
        <link refid="Player_8h_source"/>
        <childnode refid="3" relation="include">
        </childnode>
      </node>
      <node id="1">
        <label>/home/roman/CLionProjects/ypprpo/gamelib/State.cpp</label>
        <link refid="State_8cpp"/>
        <childnode refid="2" relation="include">
        </childnode>
      </node>
      <node id="2">
        <label>State.h</label>
        <link refid="State_8h_source"/>
        <childnode refid="3" relation="include">
        </childnode>
        <childnode refid="21" relation="include">
        </childnode>
      </node>
      <node id="17">
        <label>SFML/Audio.hpp</label>
      </node>
      <node id="14">
        <label>SFML/Graphics.hpp</label>
      </node>
      <node id="18">
        <label>SFML/Network.hpp</label>
      </node>
      <node id="16">
        <label>SFML/System.hpp</label>
      </node>
      <node id="15">
        <label>SFML/Window.hpp</label>
      </node>
      <node id="9">
        <label>cmath</label>
      </node>
      <node id="8">
        <label>cstdlib</label>
      </node>
      <node id="7">
        <label>ctime</label>
      </node>
      <node id="11">
        <label>fstream</label>
      </node>
      <node id="6">
        <label>iostream</label>
      </node>
      <node id="13">
        <label>map</label>
      </node>
      <node id="10">
        <label>sstream</label>
      </node>
      <node id="12">
        <label>stack</label>
      </node>
      <node id="20">
        <label>string</label>
      </node>
      <node id="5">
        <label>vector</label>
      </node>
    </incdepgraph>
    <briefdescription>
    </briefdescription>
    <detaileddescription>
    </detaileddescription>
    <programlisting>
<codeline lineno="1"><highlight class="comment">//</highlight><highlight class="normal"></highlight></codeline>
<codeline lineno="2"><highlight class="normal"></highlight><highlight class="comment">//<sp/>Created<sp/>by<sp/>roman<sp/>on<sp/>4/29/22.</highlight><highlight class="normal"></highlight></codeline>
<codeline lineno="3"><highlight class="normal"></highlight><highlight class="comment">//</highlight><highlight class="normal"></highlight></codeline>
<codeline lineno="4"><highlight class="normal"></highlight></codeline>
<codeline lineno="5"><highlight class="normal"></highlight><highlight class="preprocessor">#include<sp/>&quot;State.h&quot;</highlight><highlight class="normal"></highlight></codeline>
<codeline lineno="6"><highlight class="normal"></highlight></codeline>
<codeline lineno="7"><highlight class="normal"><ref refid="classState" kindref="compound">State::State</ref>(sf::RenderWindow*<sp/>window,<sp/>std::map&lt;std::string,<sp/>int&gt;*<sp/>supportedKeys,<sp/>std::stack&lt;State*&gt;*<sp/>states)<sp/>{</highlight></codeline>
<codeline lineno="8"><highlight class="normal"><sp/><sp/><sp/><sp/>this-&gt;window<sp/>=<sp/>window;</highlight></codeline>
<codeline lineno="9"><highlight class="normal"><sp/><sp/><sp/><sp/>this-&gt;supportedKeys<sp/>=<sp/>supportedKeys;</highlight></codeline>
<codeline lineno="10"><highlight class="normal"><sp/><sp/><sp/><sp/>this-&gt;states<sp/>=<sp/>states;</highlight></codeline>
<codeline lineno="11"><highlight class="normal"><sp/><sp/><sp/><sp/>this-&gt;quit<sp/>=<sp/></highlight><highlight class="keyword">false</highlight><highlight class="normal">;</highlight></codeline>
<codeline lineno="12"><highlight class="normal">}</highlight></codeline>
<codeline lineno="13"><highlight class="normal"></highlight></codeline>
<codeline lineno="14"><highlight class="normal">State::~State(){</highlight></codeline>
<codeline lineno="15"><highlight class="normal"></highlight></codeline>
<codeline lineno="16"><highlight class="normal">}</highlight></codeline>
<codeline lineno="17"><highlight class="normal"></highlight></codeline>
<codeline lineno="18"><highlight class="normal"></highlight><highlight class="keyword">const</highlight><highlight class="normal"><sp/></highlight><highlight class="keywordtype">bool</highlight><highlight class="normal"><sp/>&amp;State::</highlight></codeline>
<codeline lineno="19"><highlight class="normal">getQuit()</highlight><highlight class="keyword"><sp/>const</highlight><highlight class="normal">{</highlight></codeline>
<codeline lineno="20"><highlight class="normal"></highlight><highlight class="keywordflow">return</highlight><highlight class="normal"><sp/>this-&gt;quit;</highlight></codeline>
<codeline lineno="21"><highlight class="normal">}</highlight></codeline>
<codeline lineno="22"><highlight class="normal"></highlight></codeline>
<codeline lineno="23"><highlight class="normal"></highlight></codeline>
<codeline lineno="24"><highlight class="normal"></highlight></codeline>
<codeline lineno="25"><highlight class="normal"></highlight><highlight class="keywordtype">void</highlight><highlight class="normal"><sp/>State::updateMousePositions()<sp/>{</highlight></codeline>
<codeline lineno="26"><highlight class="normal"><sp/><sp/><sp/><sp/>this-&gt;mousePosScreen<sp/>=<sp/>sf::Mouse::getPosition();</highlight></codeline>
<codeline lineno="27"><highlight class="normal"><sp/><sp/><sp/><sp/>this-&gt;mousePosWindow<sp/>=<sp/>sf::Mouse::getPosition(*this-&gt;window);</highlight></codeline>
<codeline lineno="28"><highlight class="normal"><sp/><sp/><sp/><sp/>this-&gt;mousePosView<sp/>=<sp/>this-&gt;window-&gt;mapPixelToCoords(sf::Mouse::getPosition(*this-&gt;window));</highlight></codeline>
<codeline lineno="29"><highlight class="normal"></highlight></codeline>
<codeline lineno="30"><highlight class="normal">}</highlight></codeline>
<codeline lineno="31"><highlight class="normal"></highlight></codeline>
<codeline lineno="32"><highlight class="normal"></highlight><highlight class="keywordtype">void</highlight><highlight class="normal"><sp/>State::endState()<sp/>{</highlight></codeline>
<codeline lineno="33"><highlight class="normal"><sp/><sp/><sp/><sp/>this-&gt;quit<sp/>=<sp/></highlight><highlight class="keyword">true</highlight><highlight class="normal">;</highlight></codeline>
<codeline lineno="34"><highlight class="normal">}</highlight></codeline>
<codeline lineno="35"><highlight class="normal"></highlight></codeline>
<codeline lineno="36"><highlight class="normal"></highlight></codeline>
    </programlisting>
    <location file="/home/roman/CLionProjects/ypprpo/gamelib/State.cpp"/>
  </compounddef>
</doxygen>
